2026-09-24T18:39:05.1616794Z State: Starting, Action: EstablishingSiteNetworks, LastError: , LastErrorTimestamp: 01/01/0001 00:00:00, LastErrorDetails: , Details: , DetailsLevel: INFO
2026-09-24T18:39:11.8317201Z State: Starting, Action: StartingMsiContainer, LastError: , LastErrorTimestamp: 01/01/0001 00:00:00, LastErrorDetails: , Details: , DetailsLevel: INFO
2026-09-24T18:39:35.8345571Z State: Starting, Action: StartingSiteContainers, LastError: , LastErrorTimestamp: 01/01/0001 00:00:00, LastErrorDetails: , Details: , DetailsLevel: INFO
2026-09-24T18:39:35.8428964Z Container start method called.
2026-09-24T18:39:35.8505789Z State: Starting, Action: PullingImage, LastError: , LastErrorTimestamp: 01/01/0001 00:00:00, LastErrorDetails: , Details: Pulling image 10.1.0.5:13209/appsvc/python:3.11_20260910.3.tuxprod for tailorsync-api-prod., DetailsLevel: INFO
2026-09-24T18:39:35.8512192Z Establishing network.
2026-09-24T18:39:35.8520769Z Pulling image: appsvc/python:3.11_20260910.3.tuxprod.
2026-09-24T18:39:36.1685656Z Container is starting.
2026-09-24T18:39:36.1693422Z State: Starting, Action: MountingVolumes, LastError: , LastErrorTimestamp: 01/01/0001 00:00:00, LastErrorDetails: , Details: Mounting volumes for tailorsync-api-prod., DetailsLevel: INFO
2026-09-24T18:39:36.1706526Z Establishing user namespace if not established already.
2026-09-24T18:39:36.1710771Z Establishing network if not established already.
2026-09-24T18:39:36.1775207Z Mounting volumes.
2026-09-24T18:39:36.1783063Z Nested mountpoint 
2026-09-24T18:39:36.1987754Z Nested mountpoint volatile/logs
2026-09-24T18:39:36.3273755Z Nested mountpoint 
2026-09-24T18:39:36.5478513Z Nested mountpoint 
2026-09-24T18:39:36.6590140Z Nested mountpoint 
2026-09-24T18:39:36.7191029Z Nested mountpoint 
2026-09-24T18:39:37.1767294Z State: Starting, Action: CreatingContainer, LastError: , LastErrorTimestamp: 01/01/0001 00:00:00, LastErrorDetails: , Details: Finished pulling container image and mounting volumes for tailorsync-api-prod. Allocatinng the rest of the container resources to finish container creation., DetailsLevel: INFO
2026-09-24T18:39:37.1768428Z Creating container.
2026-09-24T18:39:37.1769034Z Creating pipes for streaming container io.
2026-09-24T18:39:37.1769619Z Creating stdout named pipe at /podr/container/pipe/98728ad52d40_tailorsync-api-prod/stdout_f64c6331972a48b1a861e333e83594d0.
2026-09-24T18:39:37.2163967Z Successfully created stdout named pipe at: /podr/container/pipe/98728ad52d40_tailorsync-api-prod/stdout_f64c6331972a48b1a861e333e83594d0.
2026-09-24T18:39:37.2164872Z Opening named pipe /podr/container/pipe/98728ad52d40_tailorsync-api-prod/stdout_f64c6331972a48b1a861e333e83594d0 for reading in non-blocking mode.
2026-09-24T18:39:37.2165793Z Successfully opened named pipe: /podr/container/pipe/98728ad52d40_tailorsync-api-prod/stdout_f64c6331972a48b1a861e333e83594d0.
2026-09-24T18:39:37.2166437Z Successfully removed non-blocking flag from /podr/container/pipe/98728ad52d40_tailorsync-api-prod/stdout_f64c6331972a48b1a861e333e83594d0.
2026-09-24T18:39:37.2171210Z Creating stderr named pipe at /podr/container/pipe/98728ad52d40_tailorsync-api-prod/stderr_fd3c60474ed54502ba924711b1990b3f.
2026-09-24T18:39:37.2172396Z Successfully created stderr named pipe at: /podr/container/pipe/98728ad52d40_tailorsync-api-prod/stderr_fd3c60474ed54502ba924711b1990b3f.
2026-09-24T18:39:37.2172921Z Opening named pipe /podr/container/pipe/98728ad52d40_tailorsync-api-prod/stderr_fd3c60474ed54502ba924711b1990b3f for reading in non-blocking mode.
2026-09-24T18:39:37.2173710Z Successfully opened named pipe: /podr/container/pipe/98728ad52d40_tailorsync-api-prod/stderr_fd3c60474ed54502ba924711b1990b3f.
2026-09-24T18:39:37.2174437Z Successfully removed non-blocking flag from /podr/container/pipe/98728ad52d40_tailorsync-api-prod/stderr_fd3c60474ed54502ba924711b1990b3f.
2026-09-24T18:39:37.2183291Z Creating container with image: appsvc/python:3.11_20260910.3.tuxprod from registry: 10.1.0.5:13209 and fully qualified image name: 10.1.0.5:13209/appsvc/python:3.11_20260910.3.tuxprod
2026-09-24T18:39:38.0836255Z Starting container: 98728ad52d40_tailorsync-api-prod.
2026-09-24T18:39:38.1763193Z Starting watchers and probes.
2026-09-24T18:39:38.1938474Z Starting metrics collection.
2026-09-24T18:39:38.1944724Z Container is running.
2026-09-24T18:39:38.1946717Z State: Starting, Action: CreatingContainer, LastError: , LastErrorTimestamp: 01/01/0001 00:00:00, LastErrorDetails: , Details: Container tailorsync-api-prod successfully created and is running., DetailsLevel: INFO
2026-09-24T18:39:38.3222353Z Container start method finished after 2479 ms.
2026-09-24T18:39:38.3226982Z State: Starting, Action: InitiatingSiteWarmUpProbe, LastError: , LastErrorTimestamp: 01/01/0001 00:00:00, LastErrorDetails: , Details: Container tailorsync-api-prod successfully created and is running., DetailsLevel: INFO
2026-09-24T18:39:38.4923747Z State: Starting, Action: WaitingForSiteWarmUpProbeSuccess, LastError: , LastErrorTimestamp: 01/01/0001 00:00:00, LastErrorDetails: , Details: Pinging warmup path to ensure container is ready to receive requests., DetailsLevel: INFO
2026-09-24T18:40:55.6948076Z Site startup probe succeeded after 77.1358486 seconds.
2026-09-24T18:40:56.0236106Z State: Starting, Action: WarmUpProbeSucceeded, LastError: , LastErrorTimestamp: 01/01/0001 00:00:00, LastErrorDetails: , Details: Site startup probe succeeded after 77.1358486 seconds., DetailsLevel: INFO
2026-09-24T18:40:57.1772181Z Site is running with deployment version: af276351-8ab6-4a38-9aa9-f5adaae74dc1
2026-09-24T18:40:57.1784416Z Site started.
2026-09-24T18:40:57.1872687Z State: Started, Action: None, LastError: , LastErrorTimestamp: 01/01/0001 00:00:00, LastErrorDetails: , Details: Site started at 09/24/2026 18:40:57 (UTC), DetailsLevel: INFO
2026-09-24T18:40:57.2187335Z Site is running with patch version PYTHON-3.11.15
2026-09-24T18:41:17.8511280Z State: Stopping, Action: StoppingSite, LastError: ContainerStartupFailure, LastErrorTimestamp: 09/23/2026 12:45:09, LastErrorDetails: The container did not complete startup successfully. Please inspect your container logs for more details., Details: Site started at 09/23/2026 12:47:40 (UTC), DetailsLevel: INFO
2026-09-24T18:41:17.8808836Z State: Stopping, Action: StoppingSiteContainers, LastError: ContainerStartupFailure, LastErrorTimestamp: 09/23/2026 12:45:09, LastErrorDetails: The container did not complete startup successfully. Please inspect your container logs for more details., Details: Site started at 09/23/2026 12:47:40 (UTC), DetailsLevel: INFO
2026-09-24T18:41:27.5248289Z Site: tailorsync-api-prod stopped.
2026-09-24T18:53:06.8225028Z State: Starting, Action: EstablishingSiteNetworks, LastError: , LastErrorTimestamp: 01/01/0001 00:00:00, LastErrorDetails: , Details: , DetailsLevel: INFO
2026-09-24T18:53:11.0715227Z State: Starting, Action: StartingMsiContainer, LastError: , LastErrorTimestamp: 01/01/0001 00:00:00, LastErrorDetails: , Details: , DetailsLevel: INFO
2026-09-24T18:53:29.1429696Z State: Starting, Action: StartingSiteContainers, LastError: , LastErrorTimestamp: 01/01/0001 00:00:00, LastErrorDetails: , Details: , DetailsLevel: INFO
2026-09-24T18:53:29.1607340Z Container start method called.
2026-09-24T18:53:29.1617484Z State: Starting, Action: PullingImage, LastError: , LastErrorTimestamp: 01/01/0001 00:00:00, LastErrorDetails: , Details: Pulling image 10.1.0.4:13209/appsvc/python:3.11_20260910.3.tuxprod for tailorsync-api-prod., DetailsLevel: INFO
2026-09-24T18:53:29.1635038Z Establishing network.
2026-09-24T18:53:29.1723441Z Pulling image: appsvc/python:3.11_20260910.3.tuxprod.
2026-09-24T18:53:29.5411987Z Container is starting.
2026-09-24T18:53:29.5577335Z State: Starting, Action: MountingVolumes, LastError: , LastErrorTimestamp: 01/01/0001 00:00:00, LastErrorDetails: , Details: Mounting volumes for tailorsync-api-prod., DetailsLevel: INFO
2026-09-24T18:53:29.5586627Z Establishing user namespace if not established already.
2026-09-24T18:53:29.5588668Z Establishing network if not established already.
2026-09-24T18:53:29.5590186Z Mounting volumes.
2026-09-24T18:53:29.5595844Z Nested mountpoint 
2026-09-24T18:53:29.6669229Z Nested mountpoint volatile/logs
2026-09-24T18:53:29.6972967Z Nested mountpoint 
2026-09-24T18:53:29.9064063Z Nested mountpoint 
2026-09-24T18:53:29.9069352Z Nested mountpoint 
2026-09-24T18:53:29.9172324Z Nested mountpoint 
2026-09-24T18:53:31.1372279Z State: Starting, Action: CreatingContainer, LastError: , LastErrorTimestamp: 01/01/0001 00:00:00, LastErrorDetails: , Details: Finished pulling container image and mounting volumes for tailorsync-api-prod. Allocatinng the rest of the container resources to finish container creation., DetailsLevel: INFO
2026-09-24T18:53:31.1373334Z Creating container.
2026-09-24T18:53:31.1373857Z Creating pipes for streaming container io.
2026-09-24T18:53:31.1374417Z Creating stdout named pipe at /podr/container/pipe/69f83874a8a3_tailorsync-api-prod/stdout_684c94fee7a7400395f2d9bf9a0f1543.
2026-09-24T18:53:31.1563631Z Successfully created stdout named pipe at: /podr/container/pipe/69f83874a8a3_tailorsync-api-prod/stdout_684c94fee7a7400395f2d9bf9a0f1543.
2026-09-24T18:53:31.1564438Z Opening named pipe /podr/container/pipe/69f83874a8a3_tailorsync-api-prod/stdout_684c94fee7a7400395f2d9bf9a0f1543 for reading in non-blocking mode.
2026-09-24T18:53:31.1565278Z Successfully opened named pipe: /podr/container/pipe/69f83874a8a3_tailorsync-api-prod/stdout_684c94fee7a7400395f2d9bf9a0f1543.
2026-09-24T18:53:31.1565776Z Successfully removed non-blocking flag from /podr/container/pipe/69f83874a8a3_tailorsync-api-prod/stdout_684c94fee7a7400395f2d9bf9a0f1543.
2026-09-24T18:53:31.1571418Z Creating stderr named pipe at /podr/container/pipe/69f83874a8a3_tailorsync-api-prod/stderr_f76509ecebd1457ebe5a08a94249024f.
2026-09-24T18:53:31.1572691Z Successfully created stderr named pipe at: /podr/container/pipe/69f83874a8a3_tailorsync-api-prod/stderr_f76509ecebd1457ebe5a08a94249024f.
2026-09-24T18:53:31.1573192Z Opening named pipe /podr/container/pipe/69f83874a8a3_tailorsync-api-prod/stderr_f76509ecebd1457ebe5a08a94249024f for reading in non-blocking mode.
2026-09-24T18:53:31.1573897Z Successfully opened named pipe: /podr/container/pipe/69f83874a8a3_tailorsync-api-prod/stderr_f76509ecebd1457ebe5a08a94249024f.
2026-09-24T18:53:31.1574581Z Successfully removed non-blocking flag from /podr/container/pipe/69f83874a8a3_tailorsync-api-prod/stderr_f76509ecebd1457ebe5a08a94249024f.
2026-09-24T18:53:31.1588062Z Creating container with image: appsvc/python:3.11_20260910.3.tuxprod from registry: 10.1.0.4:13209 and fully qualified image name: 10.1.0.4:13209/appsvc/python:3.11_20260910.3.tuxprod
2026-09-24T18:53:32.1364584Z Starting container: 69f83874a8a3_tailorsync-api-prod.
2026-09-24T18:53:32.2473310Z Starting watchers and probes.
2026-09-24T18:53:32.2572276Z Starting metrics collection.
2026-09-24T18:53:32.2846702Z Container is running.
2026-09-24T18:53:32.2854179Z State: Starting, Action: CreatingContainer, LastError: , LastErrorTimestamp: 01/01/0001 00:00:00, LastErrorDetails: , Details: Container tailorsync-api-prod successfully created and is running., DetailsLevel: INFO
2026-09-24T18:53:32.4554975Z Container start method finished after 3294 ms.
2026-09-24T18:53:32.4557221Z State: Starting, Action: InitiatingSiteWarmUpProbe, LastError: , LastErrorTimestamp: 01/01/0001 00:00:00, LastErrorDetails: , Details: Container tailorsync-api-prod successfully created and is running., DetailsLevel: INFO
2026-09-24T18:53:32.4557423Z State: Starting, Action: WaitingForSiteWarmUpProbeSuccess, LastError: , LastErrorTimestamp: 01/01/0001 00:00:00, LastErrorDetails: , Details: Pinging warmup path to ensure container is ready to receive requests., DetailsLevel: INFO
2026-09-24T18:54:56.9645726Z Site startup probe succeeded after 84.3415901 seconds.
2026-09-24T18:54:57.4505506Z State: Starting, Action: WarmUpProbeSucceeded, LastError: , LastErrorTimestamp: 01/01/0001 00:00:00, LastErrorDetails: , Details: Site startup probe succeeded after 84.3415901 seconds., DetailsLevel: INFO
2026-09-24T18:54:58.7546304Z Site is running with deployment version: 0c2a41af-0381-4519-9cec-635f64690585
2026-09-24T18:54:58.7654027Z Site started.
2026-09-24T18:54:58.7660806Z State: Started, Action: None, LastError: , LastErrorTimestamp: 01/01/0001 00:00:00, LastErrorDetails: , Details: Site started at 09/24/2026 18:54:58 (UTC), DetailsLevel: INFO
2026-09-24T18:54:58.7974894Z Site is running with patch version PYTHON-3.11.15
2026-09-24T18:55:19.3965895Z State: Stopping, Action: StoppingSite, LastError: ContainerStartupFailure, LastErrorTimestamp: 09/23/2026 12:45:09, LastErrorDetails: The container did not complete startup successfully. Please inspect your container logs for more details., Details: Site started at 09/24/2026 18:40:57 (UTC), DetailsLevel: INFO
2026-09-24T18:55:19.4062312Z State: Stopping, Action: StoppingSiteContainers, LastError: ContainerStartupFailure, LastErrorTimestamp: 09/23/2026 12:45:09, LastErrorDetails: The container did not complete startup successfully. Please inspect your container logs for more details., Details: Site started at 09/24/2026 18:40:57 (UTC), DetailsLevel: INFO
2026-09-24T18:55:19.4094806Z Container is terminating. Grace period: 5 seconds.
2026-09-24T18:55:19.5974652Z Stop and delete container. Retry count = 0
2026-09-24T18:55:19.6149535Z Stopping container: 98728ad52d40_tailorsync-api-prod.
2026-09-24T18:55:25.6182094Z Deleting container: 98728ad52d40_tailorsync-api-prod. Retry count = 0
2026-09-24T18:55:38.7851836Z Container spec TerminationMessagePolicy  path 
2026-09-24T18:55:38.8465000Z Container is terminated. Total time elapsed: 19429 ms.
2026-09-24T18:55:41.6694102Z Site: tailorsync-api-prod stopped.
2026-09-24T18:59:43.3231694Z State: Starting, Action: EstablishingSiteNetworks, LastError: , LastErrorTimestamp: 01/01/0001 00:00:00, LastErrorDetails: , Details: , DetailsLevel: INFO
2026-09-24T18:59:49.4564375Z State: Starting, Action: StartingMsiContainer, LastError: , LastErrorTimestamp: 01/01/0001 00:00:00, LastErrorDetails: , Details: , DetailsLevel: INFO
2026-09-24T19:00:17.5949646Z State: Starting, Action: StartingSiteContainers, LastError: , LastErrorTimestamp: 01/01/0001 00:00:00, LastErrorDetails: , Details: , DetailsLevel: INFO
2026-09-24T19:00:17.5961247Z Container start method called.
2026-09-24T19:00:17.5979607Z State: Starting, Action: PullingImage, LastError: , LastErrorTimestamp: 01/01/0001 00:00:00, LastErrorDetails: , Details: Pulling image 10.1.0.4:13209/appsvc/python:3.11_20260910.3.tuxprod for tailorsync-api-prod., DetailsLevel: INFO
2026-09-24T19:00:17.5983216Z Establishing network.
2026-09-24T19:00:17.6348472Z Pulling image: appsvc/python:3.11_20260910.3.tuxprod.
2026-09-24T19:00:17.9371449Z Container is starting.
2026-09-24T19:00:17.9372593Z State: Starting, Action: MountingVolumes, LastError: , LastErrorTimestamp: 01/01/0001 00:00:00, LastErrorDetails: , Details: Mounting volumes for tailorsync-api-prod., DetailsLevel: INFO
2026-09-24T19:00:17.9373503Z Establishing user namespace if not established already.
2026-09-24T19:00:17.9374180Z Establishing network if not established already.
2026-09-24T19:00:17.9374930Z Mounting volumes.
2026-09-24T19:00:17.9659680Z Nested mountpoint 
2026-09-24T19:00:18.0153703Z Nested mountpoint volatile/logs
2026-09-24T19:00:18.0631732Z Nested mountpoint 
2026-09-24T19:00:18.1689765Z Nested mountpoint 
2026-09-24T19:00:18.2166485Z Nested mountpoint 
2026-09-24T19:00:18.2954739Z Nested mountpoint 
2026-09-24T19:00:19.0126657Z State: Starting, Action: CreatingContainer, LastError: , LastErrorTimestamp: 01/01/0001 00:00:00, LastErrorDetails: , Details: Finished pulling container image and mounting volumes for tailorsync-api-prod. Allocatinng the rest of the container resources to finish container creation., DetailsLevel: INFO
2026-09-24T19:00:19.0127728Z Creating container.
2026-09-24T19:00:19.0128354Z Creating pipes for streaming container io.
2026-09-24T19:00:19.0129030Z Creating stdout named pipe at /podr/container/pipe/496c7e6012bf_tailorsync-api-prod/stdout_706beeba29b5491cace4b1990f2bb458.
2026-09-24T19:00:19.0131249Z Successfully created stdout named pipe at: /podr/container/pipe/496c7e6012bf_tailorsync-api-prod/stdout_706beeba29b5491cace4b1990f2bb458.
2026-09-24T19:00:19.0131782Z Opening named pipe /podr/container/pipe/496c7e6012bf_tailorsync-api-prod/stdout_706beeba29b5491cace4b1990f2bb458 for reading in non-blocking mode.
2026-09-24T19:00:19.0132559Z Successfully opened named pipe: /podr/container/pipe/496c7e6012bf_tailorsync-api-prod/stdout_706beeba29b5491cace4b1990f2bb458.
2026-09-24T19:00:19.0133132Z Successfully removed non-blocking flag from /podr/container/pipe/496c7e6012bf_tailorsync-api-prod/stdout_706beeba29b5491cace4b1990f2bb458.
2026-09-24T19:00:19.0137316Z Creating stderr named pipe at /podr/container/pipe/496c7e6012bf_tailorsync-api-prod/stderr_b9c41ae3fd384cb2ac106680cf784cb8.
2026-09-24T19:00:19.1116356Z Successfully created stderr named pipe at: /podr/container/pipe/496c7e6012bf_tailorsync-api-prod/stderr_b9c41ae3fd384cb2ac106680cf784cb8.
2026-09-24T19:00:19.1117539Z Opening named pipe /podr/container/pipe/496c7e6012bf_tailorsync-api-prod/stderr_b9c41ae3fd384cb2ac106680cf784cb8 for reading in non-blocking mode.
2026-09-24T19:00:19.1118809Z Successfully opened named pipe: /podr/container/pipe/496c7e6012bf_tailorsync-api-prod/stderr_b9c41ae3fd384cb2ac106680cf784cb8.
2026-09-24T19:00:19.1119429Z Successfully removed non-blocking flag from /podr/container/pipe/496c7e6012bf_tailorsync-api-prod/stderr_b9c41ae3fd384cb2ac106680cf784cb8.
2026-09-24T19:00:19.1128920Z Creating container with image: appsvc/python:3.11_20260910.3.tuxprod from registry: 10.1.0.4:13209 and fully qualified image name: 10.1.0.4:13209/appsvc/python:3.11_20260910.3.tuxprod
2026-09-24T19:00:20.3105435Z Starting container: 496c7e6012bf_tailorsync-api-prod.
2026-09-24T19:00:20.4078617Z Starting watchers and probes.
2026-09-24T19:00:20.4085532Z Starting metrics collection.
2026-09-24T19:00:20.4087359Z Container is running.
2026-09-24T19:00:20.4102287Z State: Starting, Action: CreatingContainer, LastError: , LastErrorTimestamp: 01/01/0001 00:00:00, LastErrorDetails: , Details: Container tailorsync-api-prod successfully created and is running., DetailsLevel: INFO
2026-09-24T19:00:20.8361180Z Container start method finished after 3239 ms.
2026-09-24T19:00:20.8364089Z State: Starting, Action: InitiatingSiteWarmUpProbe, LastError: , LastErrorTimestamp: 01/01/0001 00:00:00, LastErrorDetails: , Details: Container tailorsync-api-prod successfully created and is running., DetailsLevel: INFO
2026-09-24T19:00:20.8372685Z State: Starting, Action: WaitingForSiteWarmUpProbeSuccess, LastError: , LastErrorTimestamp: 01/01/0001 00:00:00, LastErrorDetails: , Details: Pinging warmup path to ensure container is ready to receive requests., DetailsLevel: INFO
2026-09-24T19:01:39.1444832Z Site startup probe succeeded after 78.0729543 seconds.
2026-09-24T19:01:39.4707912Z State: Starting, Action: WarmUpProbeSucceeded, LastError: , LastErrorTimestamp: 01/01/0001 00:00:00, LastErrorDetails: , Details: Site startup probe succeeded after 78.0729543 seconds., DetailsLevel: INFO
2026-09-24T19:01:40.0317566Z Site is running with deployment version: 57d9dc84-2763-4744-8cb9-0864173aa24a
2026-09-24T19:01:40.0327688Z Site started.
2026-09-24T19:01:40.0328685Z State: Started, Action: None, LastError: , LastErrorTimestamp: 01/01/0001 00:00:00, LastErrorDetails: , Details: Site started at 09/24/2026 19:01:40 (UTC), DetailsLevel: INFO
2026-09-24T19:01:40.0418101Z Site is running with patch version PYTHON-3.11.15
2026-09-24T19:02:00.3938422Z State: Stopping, Action: StoppingSite, LastError: ContainerStartupFailure, LastErrorTimestamp: 09/23/2026 12:45:09, LastErrorDetails: The container did not complete startup successfully. Please inspect your container logs for more details., Details: Site started at 09/24/2026 18:54:58 (UTC), DetailsLevel: INFO
2026-09-24T19:02:00.3960707Z State: Stopping, Action: StoppingSiteContainers, LastError: ContainerStartupFailure, LastErrorTimestamp: 09/23/2026 12:45:09, LastErrorDetails: The container did not complete startup successfully. Please inspect your container logs for more details., Details: Site started at 09/24/2026 18:54:58 (UTC), DetailsLevel: INFO
2026-09-24T19:02:00.4039295Z Container is terminating. Grace period: 5 seconds.
2026-09-24T19:02:00.5833978Z Stop and delete container. Retry count = 0
2026-09-24T19:02:00.5837842Z Stopping container: 69f83874a8a3_tailorsync-api-prod.
2026-09-24T19:02:06.5055028Z Deleting container: 69f83874a8a3_tailorsync-api-prod. Retry count = 0
2026-09-24T19:02:11.6179056Z Container spec TerminationMessagePolicy  path 
2026-09-24T19:02:11.6294527Z Container is terminated. Total time elapsed: 11223 ms.
2026-09-24T19:02:12.9558519Z Site: tailorsync-api-prod stopped.
2026-09-24T19:04:46.1716812Z State: Starting, Action: EstablishingSiteNetworks, LastError: , LastErrorTimestamp: 01/01/0001 00:00:00, LastErrorDetails: , Details: , DetailsLevel: INFO
2026-09-24T19:04:52.3448522Z State: Starting, Action: StartingMsiContainer, LastError: , LastErrorTimestamp: 01/01/0001 00:00:00, LastErrorDetails: , Details: , DetailsLevel: INFO
2026-09-24T19:05:57.9779686Z State: Starting, Action: StartingSiteContainers, LastError: , LastErrorTimestamp: 01/01/0001 00:00:00, LastErrorDetails: , Details: , DetailsLevel: INFO
2026-09-24T19:05:57.9785255Z Container start method called.
2026-09-24T19:05:57.9792372Z State: Starting, Action: PullingImage, LastError: , LastErrorTimestamp: 01/01/0001 00:00:00, LastErrorDetails: , Details: Pulling image 10.1.0.5:13209/appsvc/python:3.11_20260910.3.tuxprod for tailorsync-api-prod., DetailsLevel: INFO
2026-09-24T19:05:57.9793326Z Establishing network.
2026-09-24T19:05:57.9794351Z Pulling image: appsvc/python:3.11_20260910.3.tuxprod.
2026-09-24T19:06:00.0071769Z Container is starting.
2026-09-24T19:06:00.0074573Z State: Starting, Action: MountingVolumes, LastError: , LastErrorTimestamp: 01/01/0001 00:00:00, LastErrorDetails: , Details: Mounting volumes for tailorsync-api-prod., DetailsLevel: INFO
2026-09-24T19:06:00.0076313Z Establishing user namespace if not established already.
2026-09-24T19:06:00.0077460Z Establishing network if not established already.
2026-09-24T19:06:00.0078353Z Mounting volumes.
2026-09-24T19:06:00.0481646Z Nested mountpoint 
2026-09-24T19:06:00.5621802Z Nested mountpoint volatile/logs
2026-09-24T19:06:00.7094236Z Nested mountpoint 
2026-09-24T19:06:00.7393884Z Nested mountpoint 
2026-09-24T19:06:00.7885196Z Nested mountpoint 
2026-09-24T19:06:01.2255521Z Nested mountpoint 
2026-09-24T19:06:16.2663774Z State: Starting, Action: CreatingContainer, LastError: , LastErrorTimestamp: 01/01/0001 00:00:00, LastErrorDetails: , Details: Finished pulling container image and mounting volumes for tailorsync-api-prod. Allocatinng the rest of the container resources to finish container creation., DetailsLevel: INFO
2026-09-24T19:06:16.2664691Z Creating container.
2026-09-24T19:06:16.2665250Z Creating pipes for streaming container io.
2026-09-24T19:06:16.2665908Z Creating stdout named pipe at /podr/container/pipe/de8f7e12c7e4_tailorsync-api-prod/stdout_eb268db9c5db498e92f092b7f3e7e46b.
2026-09-24T19:06:16.4624957Z Successfully created stdout named pipe at: /podr/container/pipe/de8f7e12c7e4_tailorsync-api-prod/stdout_eb268db9c5db498e92f092b7f3e7e46b.
2026-09-24T19:06:16.4957737Z Opening named pipe /podr/container/pipe/de8f7e12c7e4_tailorsync-api-prod/stdout_eb268db9c5db498e92f092b7f3e7e46b for reading in non-blocking mode.
2026-09-24T19:06:16.5029904Z Successfully opened named pipe: /podr/container/pipe/de8f7e12c7e4_tailorsync-api-prod/stdout_eb268db9c5db498e92f092b7f3e7e46b.
2026-09-24T19:06:16.5031060Z Successfully removed non-blocking flag from /podr/container/pipe/de8f7e12c7e4_tailorsync-api-prod/stdout_eb268db9c5db498e92f092b7f3e7e46b.
2026-09-24T19:06:16.5032623Z Creating stderr named pipe at /podr/container/pipe/de8f7e12c7e4_tailorsync-api-prod/stderr_1fb8fa54fa204f1a88214210732efbc2.
2026-09-24T19:06:16.5033887Z Successfully created stderr named pipe at: /podr/container/pipe/de8f7e12c7e4_tailorsync-api-prod/stderr_1fb8fa54fa204f1a88214210732efbc2.
2026-09-24T19:06:16.5034611Z Opening named pipe /podr/container/pipe/de8f7e12c7e4_tailorsync-api-prod/stderr_1fb8fa54fa204f1a88214210732efbc2 for reading in non-blocking mode.
2026-09-24T19:06:16.5035309Z Successfully opened named pipe: /podr/container/pipe/de8f7e12c7e4_tailorsync-api-prod/stderr_1fb8fa54fa204f1a88214210732efbc2.
2026-09-24T19:06:16.5035945Z Successfully removed non-blocking flag from /podr/container/pipe/de8f7e12c7e4_tailorsync-api-prod/stderr_1fb8fa54fa204f1a88214210732efbc2.
2026-09-24T19:06:16.5036983Z Creating container with image: appsvc/python:3.11_20260910.3.tuxprod from registry: 10.1.0.5:13209 and fully qualified image name: 10.1.0.5:13209/appsvc/python:3.11_20260910.3.tuxprod
2026-09-24T19:06:20.0981610Z Starting container: de8f7e12c7e4_tailorsync-api-prod.
2026-09-24T19:06:20.3260594Z Starting watchers and probes.
2026-09-24T19:06:20.3562803Z Starting metrics collection.
2026-09-24T19:06:20.3631648Z Container is running.
2026-09-24T19:06:20.3632754Z State: Starting, Action: CreatingContainer, LastError: , LastErrorTimestamp: 01/01/0001 00:00:00, LastErrorDetails: , Details: Container tailorsync-api-prod successfully created and is running., DetailsLevel: INFO
2026-09-24T19:06:21.1084319Z Container start method finished after 23129 ms.
2026-09-24T19:06:21.1086686Z State: Starting, Action: InitiatingSiteWarmUpProbe, LastError: , LastErrorTimestamp: 01/01/0001 00:00:00, LastErrorDetails: , Details: Container tailorsync-api-prod successfully created and is running., DetailsLevel: INFO
2026-09-24T19:06:21.1086933Z State: Starting, Action: WaitingForSiteWarmUpProbeSuccess, LastError: , LastErrorTimestamp: 01/01/0001 00:00:00, LastErrorDetails: , Details: Pinging warmup path to ensure container is ready to receive requests., DetailsLevel: INFO
2026-09-24T19:07:39.0689736Z Container has finished running with exit code: 127.
2026-09-24T19:07:39.0765359Z Container is terminating. Grace period: 5 seconds.
2026-09-24T19:07:39.1952150Z Stop and delete container. Retry count = 0
2026-09-24T19:07:39.1953324Z Stopping container: de8f7e12c7e4_tailorsync-api-prod.
2026-09-24T19:07:39.8478300Z Deleting container: de8f7e12c7e4_tailorsync-api-prod. Retry count = 0
2026-09-24T19:07:41.6700430Z Container spec TerminationMessagePolicy  path 
2026-09-24T19:07:41.6724272Z Container is terminated. Total time elapsed: 2593 ms.
2026-09-24T19:07:41.6730406Z Site container: tailorsync-api-prod terminated during site startup.
2026-09-24T19:07:41.7704162Z State: Stopping, Action: CancellingStartup, LastError: , LastErrorTimestamp: 01/01/0001 00:00:00, LastErrorDetails: , Details: Site container: tailorsync-api-prod terminated during site startup. Cancelling site startup., DetailsLevel: ERR
2026-09-24T19:07:43.4291794Z Site startup probe failed after 82.1106971 seconds.
2026-09-24T19:07:44.5941790Z State: Stopping, Action: CancellingStartup, LastError: ContainerStartupFailure, LastErrorTimestamp: 09/24/2026 19:07:44, LastErrorDetails: Container exited with exit code 127 during startup after 81.3s. Please inspect your container logs for more details., Details: Site container: tailorsync-api-prod terminated during site startup. Cancelling site startup., DetailsLevel: ERR
2026-09-24T19:07:44.6768279Z Failed to start site. Revert by stopping site.
2026-09-24T19:07:44.7065982Z State: Stopping, Action: StoppingSite, LastError: ContainerStartupFailure, LastErrorTimestamp: 09/24/2026 19:07:44, LastErrorDetails: Container exited with exit code 127 during startup after 81.3s. Please inspect your container logs for more details., Details: Site container: tailorsync-api-prod terminated during site startup. Cancelling site startup., DetailsLevel: ERR
2026-09-24T19:07:44.7266465Z State: Stopping, Action: StoppingSiteContainers, LastError: ContainerStartupFailure, LastErrorTimestamp: 09/24/2026 19:07:44, LastErrorDetails: Container exited with exit code 127 during startup after 81.3s. Please inspect your container logs for more details., Details: Site container: tailorsync-api-prod terminated during site startup. Cancelling site startup., DetailsLevel: ERR
2026-09-24T19:07:46.8946972Z Site container: tailorsync-api-prod_managedIdentity terminated during site startup.
2026-09-24T19:07:46.8950966Z State: Stopping, Action: StoppingSiteContainers, LastError: ContainerStartupFailure, LastErrorTimestamp: 09/24/2026 19:07:44, LastErrorDetails: Container exited with exit code 127 during startup after 81.3s. Please inspect your container logs for more details., Details: Site container: tailorsync-api-prod terminated during site startup. Cancelling site startup., DetailsLevel: ERR
2026-09-24T19:07:46.8961622Z Site: tailorsync-api-prod stopped.
2026-09-24T19:08:13.2149603Z State: Stopping, Action: StoppingSite, LastError: ContainerStartupFailure, LastErrorTimestamp: 09/23/2026 12:45:09, LastErrorDetails: The container did not complete startup successfully. Please inspect your container logs for more details., Details: Site started at 09/24/2026 19:01:40 (UTC), DetailsLevel: INFO
2026-09-24T19:08:13.2176667Z State: Stopping, Action: StoppingSiteContainers, LastError: ContainerStartupFailure, LastErrorTimestamp: 09/23/2026 12:45:09, LastErrorDetails: The container did not complete startup successfully. Please inspect your container logs for more details., Details: Site started at 09/24/2026 19:01:40 (UTC), DetailsLevel: INFO
2026-09-24T19:08:13.2182979Z Container is terminating. Grace period: 5 seconds.
2026-09-24T19:08:13.2390664Z Stop and delete container. Retry count = 0
2026-09-24T19:08:13.2400670Z Stopping container: 496c7e6012bf_tailorsync-api-prod.
2026-09-24T19:08:18.7620382Z Deleting container: 496c7e6012bf_tailorsync-api-prod. Retry count = 0
2026-09-24T19:08:23.2923215Z Container spec TerminationMessagePolicy  path 
2026-09-24T19:08:23.2929266Z Container is terminated. Total time elapsed: 10074 ms.
2026-09-24T19:08:24.4483354Z Site: tailorsync-api-prod stopped.
2026-09-24T19:07:47.0361729Z State: Stopping, Action: UnmountingVolumes, LastError: ContainerStartupFailure, LastErrorTimestamp: 09/24/2026 19:07:44, LastErrorDetails: Container exited with exit code 127 during startup after 81.3s. Please inspect your container logs for more details., Details: Site container: tailorsync-api-prod terminated during site startup. Cancelling site startup., DetailsLevel: ERR
2026-09-24T19:07:48.3864988Z State: Stopping, Action: StoppingSiteNetworks, LastError: ContainerStartupFailure, LastErrorTimestamp: 09/24/2026 19:07:44, LastErrorDetails: Container exited with exit code 127 during startup after 81.3s. Please inspect your container logs for more details., Details: Site container: tailorsync-api-prod terminated during site startup. Cancelling site startup., DetailsLevel: ERR
2026-09-24T19:07:50.2772706Z State: Stopped, Action: None, LastError: ContainerStartupFailure, LastErrorTimestamp: 09/24/2026 19:07:44, LastErrorDetails: Container exited with exit code 127 during startup after 81.3s. Please inspect your container logs for more details., Details: Site stopped at 09/24/2026 19:07:50 (UTC), DetailsLevel: ERR
2026-09-24T19:07:52.6890636Z State: Stopped, Action: None, LastError: ContainerStartupFailure, LastErrorTimestamp: 09/24/2026 19:07:44, LastErrorDetails: Container exited with exit code 127 during startup after 81.3s. Please inspect your container logs for more details., Details: Site stopped at 09/24/2026 19:07:50 (UTC), DetailsLevel: ERR
2026-09-24T19:26:26.3848796Z State: Starting, Action: EstablishingSiteNetworks, LastError: ContainerStartupFailure, LastErrorTimestamp: 09/24/2026 19:07:44, LastErrorDetails: Container exited with exit code 127 during startup after 81.3s. Please inspect your container logs for more details., Details: Site stopped at 09/24/2026 19:07:50 (UTC), DetailsLevel: ERR
2026-09-24T19:26:30.9638413Z State: Starting, Action: StartingMsiContainer, LastError: ContainerStartupFailure, LastErrorTimestamp: 09/24/2026 19:07:44, LastErrorDetails: Container exited with exit code 127 during startup after 81.3s. Please inspect your container logs for more details., Details: Site stopped at 09/24/2026 19:07:50 (UTC), DetailsLevel: ERR
2026-09-24T19:26:48.9802400Z State: Starting, Action: StartingSiteContainers, LastError: ContainerStartupFailure, LastErrorTimestamp: 09/24/2026 19:07:44, LastErrorDetails: Container exited with exit code 127 during startup after 81.3s. Please inspect your container logs for more details., Details: Site stopped at 09/24/2026 19:07:50 (UTC), DetailsLevel: ERR
2026-09-24T19:26:48.9807746Z Container start method called.
2026-09-24T19:26:48.9809895Z State: Starting, Action: PullingImage, LastError: ContainerStartupFailure, LastErrorTimestamp: 09/24/2026 19:07:44, LastErrorDetails: Container exited with exit code 127 during startup after 81.3s. Please inspect your container logs for more details., Details: Pulling image 10.1.0.5:13209/appsvc/python:3.11_20260910.3.tuxprod for tailorsync-api-prod., DetailsLevel: INFO
2026-09-24T19:26:48.9814077Z Establishing network.
2026-09-24T19:26:48.9912563Z Pulling image: appsvc/python:3.11_20260910.3.tuxprod.
2026-09-24T19:26:49.3669937Z Container is starting.
2026-09-24T19:26:49.3676232Z State: Starting, Action: MountingVolumes, LastError: ContainerStartupFailure, LastErrorTimestamp: 09/24/2026 19:07:44, LastErrorDetails: Container exited with exit code 127 during startup after 81.3s. Please inspect your container logs for more details., Details: Mounting volumes for tailorsync-api-prod., DetailsLevel: INFO
2026-09-24T19:26:49.3678327Z Establishing user namespace if not established already.
2026-09-24T19:26:49.3680032Z Establishing network if not established already.
2026-09-24T19:26:49.3682785Z Mounting volumes.
2026-09-24T19:26:49.3687680Z Nested mountpoint 
2026-09-24T19:26:49.4151031Z Nested mountpoint volatile/logs
2026-09-24T19:26:49.4870104Z Nested mountpoint 
2026-09-24T19:26:49.5645282Z Nested mountpoint 
2026-09-24T19:26:49.5833024Z Nested mountpoint 
2026-09-24T19:26:49.6551165Z Nested mountpoint 
2026-09-24T19:26:50.5681318Z State: Starting, Action: CreatingContainer, LastError: ContainerStartupFailure, LastErrorTimestamp: 09/24/2026 19:07:44, LastErrorDetails: Container exited with exit code 127 during startup after 81.3s. Please inspect your container logs for more details., Details: Finished pulling container image and mounting volumes for tailorsync-api-prod. Allocatinng the rest of the container resources to finish container creation., DetailsLevel: INFO
2026-09-24T19:26:50.5683611Z Creating container.
2026-09-24T19:26:50.5684334Z Creating pipes for streaming container io.
2026-09-24T19:26:50.5685064Z Creating stdout named pipe at /podr/container/pipe/ebd5951a9d6c_tailorsync-api-prod/stdout_930ec401d874498898fd658bd0600fa8.
2026-09-24T19:26:50.5710738Z Successfully created stdout named pipe at: /podr/container/pipe/ebd5951a9d6c_tailorsync-api-prod/stdout_930ec401d874498898fd658bd0600fa8.
2026-09-24T19:26:50.5711556Z Opening named pipe /podr/container/pipe/ebd5951a9d6c_tailorsync-api-prod/stdout_930ec401d874498898fd658bd0600fa8 for reading in non-blocking mode.
2026-09-24T19:26:50.5712377Z Successfully opened named pipe: /podr/container/pipe/ebd5951a9d6c_tailorsync-api-prod/stdout_930ec401d874498898fd658bd0600fa8.
2026-09-24T19:26:50.5712909Z Successfully removed non-blocking flag from /podr/container/pipe/ebd5951a9d6c_tailorsync-api-prod/stdout_930ec401d874498898fd658bd0600fa8.
2026-09-24T19:26:50.5714056Z Creating stderr named pipe at /podr/container/pipe/ebd5951a9d6c_tailorsync-api-prod/stderr_c81a48ffb41f43248636fac0ec02b752.
2026-09-24T19:26:50.6695958Z Successfully created stderr named pipe at: /podr/container/pipe/ebd5951a9d6c_tailorsync-api-prod/stderr_c81a48ffb41f43248636fac0ec02b752.
2026-09-24T19:26:50.6697268Z Opening named pipe /podr/container/pipe/ebd5951a9d6c_tailorsync-api-prod/stderr_c81a48ffb41f43248636fac0ec02b752 for reading in non-blocking mode.
2026-09-24T19:26:50.6698235Z Successfully opened named pipe: /podr/container/pipe/ebd5951a9d6c_tailorsync-api-prod/stderr_c81a48ffb41f43248636fac0ec02b752.
2026-09-24T19:26:50.6698894Z Successfully removed non-blocking flag from /podr/container/pipe/ebd5951a9d6c_tailorsync-api-prod/stderr_c81a48ffb41f43248636fac0ec02b752.
2026-09-24T19:26:50.6906154Z Creating container with image: appsvc/python:3.11_20260910.3.tuxprod from registry: 10.1.0.5:13209 and fully qualified image name: 10.1.0.5:13209/appsvc/python:3.11_20260910.3.tuxprod
2026-09-24T19:26:51.4252153Z Starting container: ebd5951a9d6c_tailorsync-api-prod.
2026-09-24T19:26:51.5458996Z Starting watchers and probes.
2026-09-24T19:26:51.5546278Z Starting metrics collection.
2026-09-24T19:26:51.5548347Z Container is running.
2026-09-24T19:26:51.5551146Z State: Starting, Action: CreatingContainer, LastError: ContainerStartupFailure, LastErrorTimestamp: 09/24/2026 19:07:44, LastErrorDetails: Container exited with exit code 127 during startup after 81.3s. Please inspect your container logs for more details., Details: Container tailorsync-api-prod successfully created and is running., DetailsLevel: INFO
2026-09-24T19:26:51.6330618Z Container start method finished after 2652 ms.
2026-09-24T19:26:51.6342407Z State: Starting, Action: InitiatingSiteWarmUpProbe, LastError: ContainerStartupFailure, LastErrorTimestamp: 09/24/2026 19:07:44, LastErrorDetails: Container exited with exit code 127 during startup after 81.3s. Please inspect your container logs for more details., Details: Container tailorsync-api-prod successfully created and is running., DetailsLevel: INFO
2026-09-24T19:26:51.6355523Z State: Starting, Action: WaitingForSiteWarmUpProbeSuccess, LastError: ContainerStartupFailure, LastErrorTimestamp: 09/24/2026 19:07:44, LastErrorDetails: Container exited with exit code 127 during startup after 81.3s. Please inspect your container logs for more details., Details: Pinging warmup path to ensure container is ready to receive requests., DetailsLevel: INFO
2026-09-24T19:28:15.8741850Z Site startup probe succeeded after 84.0468797 seconds.
2026-09-24T19:28:16.0341534Z State: Starting, Action: WarmUpProbeSucceeded, LastError: ContainerStartupFailure, LastErrorTimestamp: 09/24/2026 19:07:44, LastErrorDetails: Container exited with exit code 127 during startup after 81.3s. Please inspect your container logs for more details., Details: Site startup probe succeeded after 84.0468797 seconds., DetailsLevel: INFO
2026-09-24T19:28:17.0895828Z Site is running with deployment version: 1ed8ef40-1099-49c3-ac19-b707dace836f
2026-09-24T19:28:17.0971334Z Site started.
2026-09-24T19:28:17.0986076Z State: Started, Action: None, LastError: ContainerStartupFailure, LastErrorTimestamp: 09/24/2026 19:07:44, LastErrorDetails: Container exited with exit code 127 during startup after 81.3s. Please inspect your container logs for more details., Details: Site started at 09/24/2026 19:28:17 (UTC), DetailsLevel: INFO
2026-09-24T19:28:17.4080254Z Site is running with patch version PYTHON-3.11.15
2026-09-24T19:46:11.4534876Z State: Starting, Action: EstablishingSiteNetworks, LastError: , LastErrorTimestamp: 01/01/0001 00:00:00, LastErrorDetails: , Details: , DetailsLevel: INFO
2026-09-24T19:46:15.2800339Z State: Starting, Action: StartingMsiContainer, LastError: , LastErrorTimestamp: 01/01/0001 00:00:00, LastErrorDetails: , Details: , DetailsLevel: INFO
2026-09-24T19:46:31.2718191Z State: Starting, Action: StartingSiteContainers, LastError: , LastErrorTimestamp: 01/01/0001 00:00:00, LastErrorDetails: , Details: , DetailsLevel: INFO
2026-09-24T19:46:31.2725299Z Container start method called.
2026-09-24T19:46:31.2796441Z State: Starting, Action: PullingImage, LastError: , LastErrorTimestamp: 01/01/0001 00:00:00, LastErrorDetails: , Details: Pulling image 10.1.0.5:13209/appsvc/python:3.11_20260910.3.tuxprod for tailorsync-api-prod., DetailsLevel: INFO
2026-09-24T19:46:31.2804835Z Establishing network.
2026-09-24T19:46:31.2807284Z Pulling image: appsvc/python:3.11_20260910.3.tuxprod.
2026-09-24T19:46:31.5432690Z Container is starting.
2026-09-24T19:46:31.5433472Z State: Starting, Action: MountingVolumes, LastError: , LastErrorTimestamp: 01/01/0001 00:00:00, LastErrorDetails: , Details: Mounting volumes for tailorsync-api-prod., DetailsLevel: INFO
2026-09-24T19:46:31.5434017Z Establishing user namespace if not established already.
2026-09-24T19:46:31.5434634Z Establishing network if not established already.
2026-09-24T19:46:31.5435330Z Mounting volumes.
2026-09-24T19:46:31.5436312Z Nested mountpoint 
2026-09-24T19:46:31.5718479Z Nested mountpoint volatile/logs
2026-09-24T19:46:31.6519996Z Nested mountpoint 
2026-09-24T19:46:31.7895955Z Nested mountpoint 
2026-09-24T19:46:31.7988619Z Nested mountpoint 
2026-09-24T19:46:31.8788727Z Nested mountpoint 
2026-09-24T19:46:32.5467838Z State: Starting, Action: CreatingContainer, LastError: , LastErrorTimestamp: 01/01/0001 00:00:00, LastErrorDetails: , Details: Finished pulling container image and mounting volumes for tailorsync-api-prod. Allocatinng the rest of the container resources to finish container creation., DetailsLevel: INFO
2026-09-24T19:46:32.5741638Z Creating container.
2026-09-24T19:46:32.5764904Z Creating pipes for streaming container io.
2026-09-24T19:46:32.5774949Z Creating stdout named pipe at /podr/container/pipe/44d55e0c74c9_tailorsync-api-prod/stdout_47f77ec4b4d44a2b9269b231f4db4034.
2026-09-24T19:46:32.5850078Z Successfully created stdout named pipe at: /podr/container/pipe/44d55e0c74c9_tailorsync-api-prod/stdout_47f77ec4b4d44a2b9269b231f4db4034.
2026-09-24T19:46:32.5854660Z Opening named pipe /podr/container/pipe/44d55e0c74c9_tailorsync-api-prod/stdout_47f77ec4b4d44a2b9269b231f4db4034 for reading in non-blocking mode.
2026-09-24T19:46:32.5868164Z Successfully opened named pipe: /podr/container/pipe/44d55e0c74c9_tailorsync-api-prod/stdout_47f77ec4b4d44a2b9269b231f4db4034.
2026-09-24T19:46:32.5948413Z Successfully removed non-blocking flag from /podr/container/pipe/44d55e0c74c9_tailorsync-api-prod/stdout_47f77ec4b4d44a2b9269b231f4db4034.
2026-09-24T19:46:32.6056125Z Creating stderr named pipe at /podr/container/pipe/44d55e0c74c9_tailorsync-api-prod/stderr_c030107939e14059bb17c45037a9fe2f.
2026-09-24T19:46:32.6071538Z Successfully created stderr named pipe at: /podr/container/pipe/44d55e0c74c9_tailorsync-api-prod/stderr_c030107939e14059bb17c45037a9fe2f.
2026-09-24T19:46:32.6359342Z Opening named pipe /podr/container/pipe/44d55e0c74c9_tailorsync-api-prod/stderr_c030107939e14059bb17c45037a9fe2f for reading in non-blocking mode.
2026-09-24T19:46:32.6361157Z Successfully opened named pipe: /podr/container/pipe/44d55e0c74c9_tailorsync-api-prod/stderr_c030107939e14059bb17c45037a9fe2f.
2026-09-24T19:46:32.6362647Z Successfully removed non-blocking flag from /podr/container/pipe/44d55e0c74c9_tailorsync-api-prod/stderr_c030107939e14059bb17c45037a9fe2f.
2026-09-24T19:46:32.6645152Z Creating container with image: appsvc/python:3.11_20260910.3.tuxprod from registry: 10.1.0.5:13209 and fully qualified image name: 10.1.0.5:13209/appsvc/python:3.11_20260910.3.tuxprod
2026-09-24T19:46:33.5481820Z Starting container: 44d55e0c74c9_tailorsync-api-prod.
2026-09-24T19:46:33.6241970Z Starting watchers and probes.
2026-09-24T19:46:33.6358734Z Starting metrics collection.
2026-09-24T19:46:33.6360305Z Container is running.
2026-09-24T19:46:33.6427306Z State: Starting, Action: CreatingContainer, LastError: , LastErrorTimestamp: 01/01/0001 00:00:00, LastErrorDetails: , Details: Container tailorsync-api-prod successfully created and is running., DetailsLevel: INFO
2026-09-24T19:46:33.8412251Z Container start method finished after 2568 ms.
2026-09-24T19:46:33.8546794Z State: Starting, Action: InitiatingSiteWarmUpProbe, LastError: , LastErrorTimestamp: 01/01/0001 00:00:00, LastErrorDetails: , Details: Container tailorsync-api-prod successfully created and is running., DetailsLevel: INFO
2026-09-24T19:46:33.8547665Z State: Starting, Action: WaitingForSiteWarmUpProbeSuccess, LastError: , LastErrorTimestamp: 01/01/0001 00:00:00, LastErrorDetails: , Details: Pinging warmup path to ensure container is ready to receive requests., DetailsLevel: INFO
2026-09-24T19:48:09.3419739Z Site startup probe succeeded after 95.2702493 seconds.
2026-09-24T19:48:09.6417461Z State: Starting, Action: WarmUpProbeSucceeded, LastError: , LastErrorTimestamp: 01/01/0001 00:00:00, LastErrorDetails: , Details: Site startup probe succeeded after 95.2702493 seconds., DetailsLevel: INFO
2026-09-24T19:48:10.1816533Z Site is running with deployment version: d6d1de48-4a4c-47de-9c11-f33cc58a6e41
2026-09-24T19:48:10.1979004Z Site started.
2026-09-24T19:48:10.1987750Z State: Started, Action: None, LastError: , LastErrorTimestamp: 01/01/0001 00:00:00, LastErrorDetails: , Details: Site started at 09/24/2026 19:48:10 (UTC), DetailsLevel: INFO
2026-09-24T19:48:10.2013007Z Site is running with patch version PYTHON-3.11.15
2026-09-24T19:48:30.4742857Z State: Stopping, Action: StoppingSite, LastError: ContainerStartupFailure, LastErrorTimestamp: 09/24/2026 19:07:44, LastErrorDetails: Container exited with exit code 127 during startup after 81.3s. Please inspect your container logs for more details., Details: Site started at 09/24/2026 19:28:17 (UTC), DetailsLevel: INFO
2026-09-24T19:48:30.4813247Z State: Stopping, Action: StoppingSiteContainers, LastError: ContainerStartupFailure, LastErrorTimestamp: 09/24/2026 19:07:44, LastErrorDetails: Container exited with exit code 127 during startup after 81.3s. Please inspect your container logs for more details., Details: Site started at 09/24/2026 19:28:17 (UTC), DetailsLevel: INFO
2026-09-24T19:48:30.4824760Z Container is terminating. Grace period: 5 seconds.
2026-09-24T19:48:30.8638507Z Stop and delete container. Retry count = 0
2026-09-24T19:48:30.8651048Z Stopping container: ebd5951a9d6c_tailorsync-api-prod.
2026-09-24T19:48:35.9675956Z Deleting container: ebd5951a9d6c_tailorsync-api-prod. Retry count = 0
2026-09-24T19:48:38.4536103Z Container spec TerminationMessagePolicy  path 
2026-09-24T19:48:38.4555074Z Container is terminated. Total time elapsed: 7964 ms.
2026-09-24T19:48:39.6281021Z Site: tailorsync-api-prod stopped.
2026-09-24T19:59:47.5642403Z State: Starting, Action: EstablishingSiteNetworks, LastError: , LastErrorTimestamp: 01/01/0001 00:00:00, LastErrorDetails: , Details: , DetailsLevel: INFO
2026-09-24T19:59:52.9933334Z State: Starting, Action: StartingMsiContainer, LastError: , LastErrorTimestamp: 01/01/0001 00:00:00, LastErrorDetails: , Details: , DetailsLevel: INFO
2026-09-24T20:00:45.5601276Z State: Starting, Action: StartingSiteContainers, LastError: , LastErrorTimestamp: 01/01/0001 00:00:00, LastErrorDetails: , Details: , DetailsLevel: INFO
2026-09-24T20:00:45.5612257Z Container start method called.
2026-09-24T20:00:45.5613445Z State: Starting, Action: PullingImage, LastError: , LastErrorTimestamp: 01/01/0001 00:00:00, LastErrorDetails: , Details: Pulling image 10.1.0.4:13209/appsvc/python:3.11_20260910.3.tuxprod for tailorsync-api-prod., DetailsLevel: INFO
2026-09-24T20:00:45.5615489Z Establishing network.
2026-09-24T20:00:45.5694088Z Pulling image: appsvc/python:3.11_20260910.3.tuxprod.
2026-09-24T20:00:47.4812602Z Container is starting.
2026-09-24T20:00:47.4813828Z State: Starting, Action: MountingVolumes, LastError: , LastErrorTimestamp: 01/01/0001 00:00:00, LastErrorDetails: , Details: Mounting volumes for tailorsync-api-prod., DetailsLevel: INFO
2026-09-24T20:00:47.4814436Z Establishing user namespace if not established already.
2026-09-24T20:00:47.4815074Z Establishing network if not established already.
2026-09-24T20:00:47.4815777Z Mounting volumes.
2026-09-24T20:00:47.4816775Z Nested mountpoint 
2026-09-24T20:00:47.7689948Z Nested mountpoint volatile/logs
2026-09-24T20:00:48.0875803Z Nested mountpoint 
2026-09-24T20:00:48.0991849Z Nested mountpoint 
2026-09-24T20:00:48.2876604Z Nested mountpoint 
2026-09-24T20:00:48.9336695Z Nested mountpoint 
2026-09-24T20:00:51.2932229Z State: Starting, Action: CreatingContainer, LastError: , LastErrorTimestamp: 01/01/0001 00:00:00, LastErrorDetails: , Details: Finished pulling container image and mounting volumes for tailorsync-api-prod. Allocatinng the rest of the container resources to finish container creation., DetailsLevel: INFO
2026-09-24T20:00:51.2936109Z Creating container.
2026-09-24T20:00:51.2945712Z Creating pipes for streaming container io.
2026-09-24T20:00:51.2947217Z Creating stdout named pipe at /podr/container/pipe/b619ed1997e4_tailorsync-api-prod/stdout_db9f2616efe645e4bf6f48e95ebd0e0a.
2026-09-24T20:00:51.3125022Z Successfully created stdout named pipe at: /podr/container/pipe/b619ed1997e4_tailorsync-api-prod/stdout_db9f2616efe645e4bf6f48e95ebd0e0a.
2026-09-24T20:00:51.3212913Z Opening named pipe /podr/container/pipe/b619ed1997e4_tailorsync-api-prod/stdout_db9f2616efe645e4bf6f48e95ebd0e0a for reading in non-blocking mode.
2026-09-24T20:00:51.3618640Z Successfully opened named pipe: /podr/container/pipe/b619ed1997e4_tailorsync-api-prod/stdout_db9f2616efe645e4bf6f48e95ebd0e0a.
2026-09-24T20:00:51.3619806Z Successfully removed non-blocking flag from /podr/container/pipe/b619ed1997e4_tailorsync-api-prod/stdout_db9f2616efe645e4bf6f48e95ebd0e0a.
2026-09-24T20:00:51.3624330Z Creating stderr named pipe at /podr/container/pipe/b619ed1997e4_tailorsync-api-prod/stderr_c59aaa1ee0ed487fbd639ad6d4504175.
2026-09-24T20:00:51.3626036Z Successfully created stderr named pipe at: /podr/container/pipe/b619ed1997e4_tailorsync-api-prod/stderr_c59aaa1ee0ed487fbd639ad6d4504175.
2026-09-24T20:00:51.3627337Z Opening named pipe /podr/container/pipe/b619ed1997e4_tailorsync-api-prod/stderr_c59aaa1ee0ed487fbd639ad6d4504175 for reading in non-blocking mode.
2026-09-24T20:00:51.3628179Z Successfully opened named pipe: /podr/container/pipe/b619ed1997e4_tailorsync-api-prod/stderr_c59aaa1ee0ed487fbd639ad6d4504175.
2026-09-24T20:00:51.3628903Z Successfully removed non-blocking flag from /podr/container/pipe/b619ed1997e4_tailorsync-api-prod/stderr_c59aaa1ee0ed487fbd639ad6d4504175.
2026-09-24T20:00:51.3629700Z Creating container with image: appsvc/python:3.11_20260910.3.tuxprod from registry: 10.1.0.4:13209 and fully qualified image name: 10.1.0.4:13209/appsvc/python:3.11_20260910.3.tuxprod
2026-09-24T20:00:53.4788496Z Starting container: b619ed1997e4_tailorsync-api-prod.
2026-09-24T20:00:53.6848421Z Starting watchers and probes.
2026-09-24T20:00:53.6868445Z Starting metrics collection.
2026-09-24T20:00:53.6869312Z Container is running.
2026-09-24T20:00:53.6870088Z State: Starting, Action: CreatingContainer, LastError: , LastErrorTimestamp: 01/01/0001 00:00:00, LastErrorDetails: , Details: Container tailorsync-api-prod successfully created and is running., DetailsLevel: INFO
2026-09-24T20:00:54.1697963Z Container start method finished after 8443 ms.
2026-09-24T20:00:54.1903509Z State: Starting, Action: InitiatingSiteWarmUpProbe, LastError: , LastErrorTimestamp: 01/01/0001 00:00:00, LastErrorDetails: , Details: Container tailorsync-api-prod successfully created and is running., DetailsLevel: INFO
2026-09-24T20:00:54.1903801Z State: Starting, Action: WaitingForSiteWarmUpProbeSuccess, LastError: , LastErrorTimestamp: 01/01/0001 00:00:00, LastErrorDetails: , Details: Pinging warmup path to ensure container is ready to receive requests., DetailsLevel: INFO
2026-09-24T20:01:50.7291330Z Container has finished running with exit code: 127.
2026-09-24T20:01:50.7322410Z Container is terminating. Grace period: 5 seconds.
2026-09-24T20:01:50.8194967Z Stop and delete container. Retry count = 0
2026-09-24T20:01:50.8201668Z Stopping container: b619ed1997e4_tailorsync-api-prod.
2026-09-24T20:01:51.2345025Z Deleting container: b619ed1997e4_tailorsync-api-prod. Retry count = 0
2026-09-24T20:01:52.2977962Z Container spec TerminationMessagePolicy  path 
2026-09-24T20:01:52.3007828Z Container is terminated. Total time elapsed: 1520 ms.
2026-09-24T20:01:52.3088340Z Site container: tailorsync-api-prod terminated during site startup.
2026-09-24T20:01:52.3979015Z State: Stopping, Action: CancellingStartup, LastError: , LastErrorTimestamp: 01/01/0001 00:00:00, LastErrorDetails: , Details: Site container: tailorsync-api-prod terminated during site startup. Cancelling site startup., DetailsLevel: ERR
2026-09-24T20:01:53.7951014Z Site startup probe failed after 59.4783294 seconds.
2026-09-24T20:01:54.3622658Z State: Stopping, Action: CancellingStartup, LastError: ContainerStartupFailure, LastErrorTimestamp: 09/24/2026 20:01:54, LastErrorDetails: Container exited with exit code 127 during startup after 58.6s. Please inspect your container logs for more details., Details: Site container: tailorsync-api-prod terminated during site startup. Cancelling site startup., DetailsLevel: ERR
2026-09-24T20:01:54.3928406Z Failed to start site. Revert by stopping site.
2026-09-24T20:01:54.4304985Z State: Stopping, Action: StoppingSite, LastError: ContainerStartupFailure, LastErrorTimestamp: 09/24/2026 20:01:54, LastErrorDetails: Container exited with exit code 127 during startup after 58.6s. Please inspect your container logs for more details., Details: Site container: tailorsync-api-prod terminated during site startup. Cancelling site startup., DetailsLevel: ERR
2026-09-24T20:01:54.4428505Z State: Stopping, Action: StoppingSiteContainers, LastError: ContainerStartupFailure, LastErrorTimestamp: 09/24/2026 20:01:54, LastErrorDetails: Container exited with exit code 127 during startup after 58.6s. Please inspect your container logs for more details., Details: Site container: tailorsync-api-prod terminated during site startup. Cancelling site startup., DetailsLevel: ERR
2026-09-24T20:01:55.7083064Z Site container: tailorsync-api-prod_managedIdentity terminated during site startup.
2026-09-24T20:01:55.7084666Z State: Stopping, Action: StoppingSiteContainers, LastError: ContainerStartupFailure, LastErrorTimestamp: 09/24/2026 20:01:54, LastErrorDetails: Container exited with exit code 127 during startup after 58.6s. Please inspect your container logs for more details., Details: Site container: tailorsync-api-prod terminated during site startup. Cancelling site startup., DetailsLevel: ERR
2026-09-24T20:01:55.7097008Z Site: tailorsync-api-prod stopped.
2026-09-24T20:02:22.3123916Z State: Stopping, Action: StoppingSite, LastError: ContainerStartupFailure, LastErrorTimestamp: 09/24/2026 19:07:44, LastErrorDetails: Container exited with exit code 127 during startup after 81.3s. Please inspect your container logs for more details., Details: Site started at 09/24/2026 19:48:10 (UTC), DetailsLevel: INFO
2026-09-24T20:02:22.3819595Z State: Stopping, Action: StoppingSiteContainers, LastError: ContainerStartupFailure, LastErrorTimestamp: 09/24/2026 19:07:44, LastErrorDetails: Container exited with exit code 127 during startup after 81.3s. Please inspect your container logs for more details., Details: Site started at 09/24/2026 19:48:10 (UTC), DetailsLevel: INFO
2026-09-24T20:02:22.3922540Z Container is terminating. Grace period: 5 seconds.
2026-09-24T20:02:22.6447342Z Stop and delete container. Retry count = 0
2026-09-24T20:02:22.6448259Z Stopping container: 44d55e0c74c9_tailorsync-api-prod.
2026-09-24T20:02:28.4269699Z Deleting container: 44d55e0c74c9_tailorsync-api-prod. Retry count = 0
2026-09-24T20:02:44.4326518Z Container spec TerminationMessagePolicy  path 
2026-09-24T20:02:44.4351702Z Container is terminated. Total time elapsed: 22042 ms.
2026-09-24T20:02:48.5155579Z Site: tailorsync-api-prod stopped.
2026-09-24T20:01:55.7638995Z State: Stopping, Action: UnmountingVolumes, LastError: ContainerStartupFailure, LastErrorTimestamp: 09/24/2026 20:01:54, LastErrorDetails: Container exited with exit code 127 during startup after 58.6s. Please inspect your container logs for more details., Details: Site container: tailorsync-api-prod terminated during site startup. Cancelling site startup., DetailsLevel: ERR
2026-09-24T20:01:57.4477063Z State: Stopping, Action: StoppingSiteNetworks, LastError: ContainerStartupFailure, LastErrorTimestamp: 09/24/2026 20:01:54, LastErrorDetails: Container exited with exit code 127 during startup after 58.6s. Please inspect your container logs for more details., Details: Site container: tailorsync-api-prod terminated during site startup. Cancelling site startup., DetailsLevel: ERR
2026-09-24T20:01:59.3575264Z State: Stopped, Action: None, LastError: ContainerStartupFailure, LastErrorTimestamp: 09/24/2026 20:01:54, LastErrorDetails: Container exited with exit code 127 during startup after 58.6s. Please inspect your container logs for more details., Details: Site stopped at 09/24/2026 20:01:59 (UTC), DetailsLevel: ERR
2026-09-24T20:02:02.4865243Z State: Stopped, Action: None, LastError: ContainerStartupFailure, LastErrorTimestamp: 09/24/2026 20:01:54, LastErrorDetails: Container exited with exit code 127 during startup after 58.6s. Please inspect your container logs for more details., Details: Site stopped at 09/24/2026 20:01:59 (UTC), DetailsLevel: ERR
2026-09-24T20:08:58.8571453Z State: Starting, Action: EstablishingSiteNetworks, LastError: ContainerStartupFailure, LastErrorTimestamp: 09/24/2026 20:01:54, LastErrorDetails: Container exited with exit code 127 during startup after 58.6s. Please inspect your container logs for more details., Details: Site stopped at 09/24/2026 20:01:59 (UTC), DetailsLevel: ERR
2026-09-24T20:09:05.8843176Z State: Starting, Action: StartingMsiContainer, LastError: ContainerStartupFailure, LastErrorTimestamp: 09/24/2026 20:01:54, LastErrorDetails: Container exited with exit code 127 during startup after 58.6s. Please inspect your container logs for more details., Details: Site stopped at 09/24/2026 20:01:59 (UTC), DetailsLevel: ERR
2026-09-24T20:09:39.0110813Z State: Starting, Action: StartingSiteContainers, LastError: ContainerStartupFailure, LastErrorTimestamp: 09/24/2026 20:01:54, LastErrorDetails: Container exited with exit code 127 during startup after 58.6s. Please inspect your container logs for more details., Details: Site stopped at 09/24/2026 20:01:59 (UTC), DetailsLevel: ERR
2026-09-24T20:09:39.0134202Z Container start method called.
2026-09-24T20:09:39.0144029Z State: Starting, Action: PullingImage, LastError: ContainerStartupFailure, LastErrorTimestamp: 09/24/2026 20:01:54, LastErrorDetails: Container exited with exit code 127 during startup after 58.6s. Please inspect your container logs for more details., Details: Pulling image 10.1.0.4:13209/appsvc/python:3.11_20260910.3.tuxprod for tailorsync-api-prod., DetailsLevel: INFO
2026-09-24T20:09:39.0333294Z Establishing network.
2026-09-24T20:09:39.0334797Z Pulling image: appsvc/python:3.11_20260910.3.tuxprod.
2026-09-24T20:09:39.8760011Z Container is starting.
2026-09-24T20:09:39.8761391Z State: Starting, Action: MountingVolumes, LastError: ContainerStartupFailure, LastErrorTimestamp: 09/24/2026 20:01:54, LastErrorDetails: Container exited with exit code 127 during startup after 58.6s. Please inspect your container logs for more details., Details: Mounting volumes for tailorsync-api-prod., DetailsLevel: INFO
2026-09-24T20:09:39.8762349Z Establishing user namespace if not established already.
2026-09-24T20:09:39.8763308Z Establishing network if not established already.
2026-09-24T20:09:39.8764552Z Mounting volumes.
2026-09-24T20:09:39.8765857Z Nested mountpoint 
2026-09-24T20:09:39.8880800Z Nested mountpoint volatile/logs
2026-09-24T20:09:39.9664317Z Nested mountpoint 
2026-09-24T20:09:40.0451784Z Nested mountpoint 
2026-09-24T20:09:40.0466982Z Nested mountpoint 
2026-09-24T20:09:40.2963355Z Nested mountpoint 
2026-09-24T20:09:42.2331185Z State: Starting, Action: CreatingContainer, LastError: ContainerStartupFailure, LastErrorTimestamp: 09/24/2026 20:01:54, LastErrorDetails: Container exited with exit code 127 during startup after 58.6s. Please inspect your container logs for more details., Details: Finished pulling container image and mounting volumes for tailorsync-api-prod. Allocatinng the rest of the container resources to finish container creation., DetailsLevel: INFO
2026-09-24T20:09:42.2349157Z Creating container.
2026-09-24T20:09:42.2453009Z Creating pipes for streaming container io.
2026-09-24T20:09:42.2513891Z Creating stdout named pipe at /podr/container/pipe/5a58a3c374ef_tailorsync-api-prod/stdout_90841887aae04849bf2bb381e85839be.
2026-09-24T20:09:42.2650656Z Successfully created stdout named pipe at: /podr/container/pipe/5a58a3c374ef_tailorsync-api-prod/stdout_90841887aae04849bf2bb381e85839be.
2026-09-24T20:09:42.3145581Z Opening named pipe /podr/container/pipe/5a58a3c374ef_tailorsync-api-prod/stdout_90841887aae04849bf2bb381e85839be for reading in non-blocking mode.
2026-09-24T20:09:42.3219466Z Successfully opened named pipe: /podr/container/pipe/5a58a3c374ef_tailorsync-api-prod/stdout_90841887aae04849bf2bb381e85839be.
2026-09-24T20:09:42.3233806Z Successfully removed non-blocking flag from /podr/container/pipe/5a58a3c374ef_tailorsync-api-prod/stdout_90841887aae04849bf2bb381e85839be.
2026-09-24T20:09:42.3913699Z Creating stderr named pipe at /podr/container/pipe/5a58a3c374ef_tailorsync-api-prod/stderr_c60cbb365834490889f4e8c3a647683d.
2026-09-24T20:09:42.3922405Z Successfully created stderr named pipe at: /podr/container/pipe/5a58a3c374ef_tailorsync-api-prod/stderr_c60cbb365834490889f4e8c3a647683d.
2026-09-24T20:09:42.4037312Z Opening named pipe /podr/container/pipe/5a58a3c374ef_tailorsync-api-prod/stderr_c60cbb365834490889f4e8c3a647683d for reading in non-blocking mode.
2026-09-24T20:09:42.4112910Z Successfully opened named pipe: /podr/container/pipe/5a58a3c374ef_tailorsync-api-prod/stderr_c60cbb365834490889f4e8c3a647683d.
2026-09-24T20:09:42.4126108Z Successfully removed non-blocking flag from /podr/container/pipe/5a58a3c374ef_tailorsync-api-prod/stderr_c60cbb365834490889f4e8c3a647683d.
2026-09-24T20:09:42.4226845Z Creating container with image: appsvc/python:3.11_20260910.3.tuxprod from registry: 10.1.0.4:13209 and fully qualified image name: 10.1.0.4:13209/appsvc/python:3.11_20260910.3.tuxprod
2026-09-24T20:09:44.0837631Z Starting container: 5a58a3c374ef_tailorsync-api-prod.
2026-09-24T20:09:44.2339288Z Starting watchers and probes.
2026-09-24T20:09:44.2358430Z Starting metrics collection.
2026-09-24T20:09:44.2365379Z Container is running.
2026-09-24T20:09:44.2368140Z State: Starting, Action: CreatingContainer, LastError: ContainerStartupFailure, LastErrorTimestamp: 09/24/2026 20:01:54, LastErrorDetails: Container exited with exit code 127 during startup after 58.6s. Please inspect your container logs for more details., Details: Container tailorsync-api-prod successfully created and is running., DetailsLevel: INFO
2026-09-24T20:09:44.6522159Z Container start method finished after 5638 ms.
2026-09-24T20:09:44.6523795Z State: Starting, Action: InitiatingSiteWarmUpProbe, LastError: ContainerStartupFailure, LastErrorTimestamp: 09/24/2026 20:01:54, LastErrorDetails: Container exited with exit code 127 during startup after 58.6s. Please inspect your container logs for more details., Details: Container tailorsync-api-prod successfully created and is running., DetailsLevel: INFO
2026-09-24T20:09:44.6524045Z State: Starting, Action: WaitingForSiteWarmUpProbeSuccess, LastError: ContainerStartupFailure, LastErrorTimestamp: 09/24/2026 20:01:54, LastErrorDetails: Container exited with exit code 127 during startup after 58.6s. Please inspect your container logs for more details., Details: Pinging warmup path to ensure container is ready to receive requests., DetailsLevel: INFO
2026-09-24T20:10:36.7024972Z Container has finished running with exit code: 127.
2026-09-24T20:10:36.7038170Z Container is terminating. Grace period: 5 seconds.
2026-09-24T20:10:36.7528092Z Stop and delete container. Retry count = 0
2026-09-24T20:10:36.7546496Z Stopping container: 5a58a3c374ef_tailorsync-api-prod.
2026-09-24T20:10:36.9123897Z Deleting container: 5a58a3c374ef_tailorsync-api-prod. Retry count = 0
2026-09-24T20:10:37.9696297Z Container spec TerminationMessagePolicy  path 
2026-09-24T20:10:37.9976108Z Container is terminated. Total time elapsed: 1254 ms.
2026-09-24T20:10:37.9977576Z Site container: tailorsync-api-prod terminated during site startup.
2026-09-24T20:10:38.0282648Z State: Stopping, Action: CancellingStartup, LastError: ContainerStartupFailure, LastErrorTimestamp: 09/24/2026 20:01:54, LastErrorDetails: Container exited with exit code 127 during startup after 58.6s. Please inspect your container logs for more details., Details: Site container: tailorsync-api-prod terminated during site startup. Cancelling site startup., DetailsLevel: ERR
2026-09-24T20:10:39.5322447Z Site startup probe failed after 54.8183456 seconds.
2026-09-24T20:10:40.1352013Z State: Stopping, Action: CancellingStartup, LastError: ContainerStartupFailure, LastErrorTimestamp: 09/24/2026 20:10:40, LastErrorDetails: Container exited with exit code 127 during startup after 53.7s. Please inspect your container logs for more details., Details: Site container: tailorsync-api-prod terminated during site startup. Cancelling site startup., DetailsLevel: ERR
2026-09-24T20:10:40.2355397Z Failed to start site. Revert by stopping site.
2026-09-24T20:10:40.2666824Z State: Stopping, Action: StoppingSite, LastError: ContainerStartupFailure, LastErrorTimestamp: 09/24/2026 20:10:40, LastErrorDetails: Container exited with exit code 127 during startup after 53.7s. Please inspect your container logs for more details., Details: Site container: tailorsync-api-prod terminated during site startup. Cancelling site startup., DetailsLevel: ERR
2026-09-24T20:10:40.2745228Z State: Stopping, Action: StoppingSiteContainers, LastError: ContainerStartupFailure, LastErrorTimestamp: 09/24/2026 20:10:40, LastErrorDetails: Container exited with exit code 127 during startup after 53.7s. Please inspect your container logs for more details., Details: Site container: tailorsync-api-prod terminated during site startup. Cancelling site startup., DetailsLevel: ERR
2026-09-24T20:10:41.3019588Z Site container: tailorsync-api-prod_managedIdentity terminated during site startup.
2026-09-24T20:10:41.3021634Z State: Stopping, Action: StoppingSiteContainers, LastError: ContainerStartupFailure, LastErrorTimestamp: 09/24/2026 20:10:40, LastErrorDetails: Container exited with exit code 127 during startup after 53.7s. Please inspect your container logs for more details., Details: Site container: tailorsync-api-prod terminated during site startup. Cancelling site startup., DetailsLevel: ERR
2026-09-24T20:10:41.3040960Z Site: tailorsync-api-prod stopped.
2026-09-24T20:10:41.3409252Z State: Stopping, Action: UnmountingVolumes, LastError: ContainerStartupFailure, LastErrorTimestamp: 09/24/2026 20:10:40, LastErrorDetails: Container exited with exit code 127 during startup after 53.7s. Please inspect your container logs for more details., Details: Site container: tailorsync-api-prod terminated during site startup. Cancelling site startup., DetailsLevel: ERR
2026-09-24T20:10:42.5234452Z State: Stopping, Action: StoppingSiteNetworks, LastError: ContainerStartupFailure, LastErrorTimestamp: 09/24/2026 20:10:40, LastErrorDetails: Container exited with exit code 127 during startup after 53.7s. Please inspect your container logs for more details., Details: Site container: tailorsync-api-prod terminated during site startup. Cancelling site startup., DetailsLevel: ERR
2026-09-24T20:10:43.6684801Z Site: tailorsync-api-prod will be blocked for 1 minutes till 09/24/2026 20:11:43
2026-09-24T20:10:43.6704419Z State: Blocked, Action: StoppingSiteNetworks, LastError: ContainerStartupFailure, LastErrorTimestamp: 09/24/2026 20:10:40, LastErrorDetails: Container exited with exit code 127 during startup after 53.7s. Please inspect your container logs for more details., Details: Site: tailorsync-api-prod will be blocked for 1 minutes till 09/24/2026 20:11:43, DetailsLevel: WARN
2026-09-24T20:10:43.8298623Z State: Stopped, Action: None, LastError: ContainerStartupFailure, LastErrorTimestamp: 09/24/2026 20:10:40, LastErrorDetails: Container exited with exit code 127 during startup after 53.7s. Please inspect your container logs for more details., Details: Site stopped at 09/24/2026 20:10:43 (UTC), DetailsLevel: WARN
2026-09-24T20:10:46.3214609Z State: Stopped, Action: None, LastError: ContainerStartupFailure, LastErrorTimestamp: 09/24/2026 20:10:40, LastErrorDetails: Container exited with exit code 127 during startup after 53.7s. Please inspect your container logs for more details., Details: Site stopped at 09/24/2026 20:10:43 (UTC), DetailsLevel: WARN
2026-09-24T20:11:43.6897999Z Site: tailorsync-api-prod is unblocked.
2026-09-24T20:11:59.6857446Z State: Starting, Action: EstablishingSiteNetworks, LastError: ContainerStartupFailure, LastErrorTimestamp: 09/24/2026 20:10:40, LastErrorDetails: Container exited with exit code 127 during startup after 53.7s. Please inspect your container logs for more details., Details: Site stopped at 09/24/2026 20:10:43 (UTC), DetailsLevel: WARN
2026-09-24T20:12:04.9292841Z State: Starting, Action: StartingMsiContainer, LastError: ContainerStartupFailure, LastErrorTimestamp: 09/24/2026 20:10:40, LastErrorDetails: Container exited with exit code 127 during startup after 53.7s. Please inspect your container logs for more details., Details: Site stopped at 09/24/2026 20:10:43 (UTC), DetailsLevel: WARN
2026-09-24T20:12:39.1005173Z State: Starting, Action: StartingSiteContainers, LastError: ContainerStartupFailure, LastErrorTimestamp: 09/24/2026 20:10:40, LastErrorDetails: Container exited with exit code 127 during startup after 53.7s. Please inspect your container logs for more details., Details: Site stopped at 09/24/2026 20:10:43 (UTC), DetailsLevel: WARN
2026-09-24T20:12:39.1009132Z Container start method called.
2026-09-24T20:12:39.1009730Z State: Starting, Action: PullingImage, LastError: ContainerStartupFailure, LastErrorTimestamp: 09/24/2026 20:10:40, LastErrorDetails: Container exited with exit code 127 during startup after 53.7s. Please inspect your container logs for more details., Details: Pulling image 10.1.0.4:13209/appsvc/python:3.11_20260910.3.tuxprod for tailorsync-api-prod., DetailsLevel: INFO
2026-09-24T20:12:39.1010425Z Establishing network.
2026-09-24T20:12:39.1011360Z Pulling image: appsvc/python:3.11_20260910.3.tuxprod.
2026-09-24T20:12:39.5103007Z Container is starting.
2026-09-24T20:12:39.5108182Z State: Starting, Action: MountingVolumes, LastError: ContainerStartupFailure, LastErrorTimestamp: 09/24/2026 20:10:40, LastErrorDetails: Container exited with exit code 127 during startup after 53.7s. Please inspect your container logs for more details., Details: Mounting volumes for tailorsync-api-prod., DetailsLevel: INFO
2026-09-24T20:12:39.5114018Z Establishing user namespace if not established already.
2026-09-24T20:12:39.5114771Z Establishing network if not established already.
2026-09-24T20:12:39.5115591Z Mounting volumes.
2026-09-24T20:12:39.5116578Z Nested mountpoint 
2026-09-24T20:12:39.5332571Z Nested mountpoint volatile/logs
2026-09-24T20:12:39.5826693Z Nested mountpoint 
2026-09-24T20:12:39.6201579Z Nested mountpoint 
2026-09-24T20:12:39.6720321Z Nested mountpoint 
2026-09-24T20:12:39.7115467Z Nested mountpoint 
2026-09-24T20:12:40.5008795Z State: Starting, Action: CreatingContainer, LastError: ContainerStartupFailure, LastErrorTimestamp: 09/24/2026 20:10:40, LastErrorDetails: Container exited with exit code 127 during startup after 53.7s. Please inspect your container logs for more details., Details: Finished pulling container image and mounting volumes for tailorsync-api-prod. Allocatinng the rest of the container resources to finish container creation., DetailsLevel: INFO
2026-09-24T20:12:40.5010051Z Creating container.
2026-09-24T20:12:40.5010651Z Creating pipes for streaming container io.
2026-09-24T20:12:40.5011274Z Creating stdout named pipe at /podr/container/pipe/3bb2a88c9806_tailorsync-api-prod/stdout_71046fa15e1e4371b211592b39b12e44.
2026-09-24T20:12:40.5386289Z Successfully created stdout named pipe at: /podr/container/pipe/3bb2a88c9806_tailorsync-api-prod/stdout_71046fa15e1e4371b211592b39b12e44.
2026-09-24T20:12:40.5502946Z Opening named pipe /podr/container/pipe/3bb2a88c9806_tailorsync-api-prod/stdout_71046fa15e1e4371b211592b39b12e44 for reading in non-blocking mode.
2026-09-24T20:12:40.5578851Z Successfully opened named pipe: /podr/container/pipe/3bb2a88c9806_tailorsync-api-prod/stdout_71046fa15e1e4371b211592b39b12e44.
2026-09-24T20:12:40.5579722Z Successfully removed non-blocking flag from /podr/container/pipe/3bb2a88c9806_tailorsync-api-prod/stdout_71046fa15e1e4371b211592b39b12e44.
2026-09-24T20:12:40.5680509Z Creating stderr named pipe at /podr/container/pipe/3bb2a88c9806_tailorsync-api-prod/stderr_579db283ac5e4531a04bfa8fd6877d9c.
2026-09-24T20:12:40.5693802Z Successfully created stderr named pipe at: /podr/container/pipe/3bb2a88c9806_tailorsync-api-prod/stderr_579db283ac5e4531a04bfa8fd6877d9c.
2026-09-24T20:12:40.5694525Z Opening named pipe /podr/container/pipe/3bb2a88c9806_tailorsync-api-prod/stderr_579db283ac5e4531a04bfa8fd6877d9c for reading in non-blocking mode.
2026-09-24T20:12:40.5695597Z Successfully opened named pipe: /podr/container/pipe/3bb2a88c9806_tailorsync-api-prod/stderr_579db283ac5e4531a04bfa8fd6877d9c.
2026-09-24T20:12:40.5696348Z Successfully removed non-blocking flag from /podr/container/pipe/3bb2a88c9806_tailorsync-api-prod/stderr_579db283ac5e4531a04bfa8fd6877d9c.
2026-09-24T20:12:40.5905538Z Creating container with image: appsvc/python:3.11_20260910.3.tuxprod from registry: 10.1.0.4:13209 and fully qualified image name: 10.1.0.4:13209/appsvc/python:3.11_20260910.3.tuxprod
2026-09-24T20:12:41.9197474Z Starting container: 3bb2a88c9806_tailorsync-api-prod.
2026-09-24T20:12:42.0020306Z Starting watchers and probes.
2026-09-24T20:12:42.0193320Z Starting metrics collection.
2026-09-24T20:12:42.0200995Z Container is running.
2026-09-24T20:12:42.0222287Z State: Starting, Action: CreatingContainer, LastError: ContainerStartupFailure, LastErrorTimestamp: 09/24/2026 20:10:40, LastErrorDetails: Container exited with exit code 127 during startup after 53.7s. Please inspect your container logs for more details., Details: Container tailorsync-api-prod successfully created and is running., DetailsLevel: INFO
2026-09-24T20:12:42.5292819Z Container start method finished after 3428 ms.
2026-09-24T20:12:42.5295303Z State: Starting, Action: InitiatingSiteWarmUpProbe, LastError: ContainerStartupFailure, LastErrorTimestamp: 09/24/2026 20:10:40, LastErrorDetails: Container exited with exit code 127 during startup after 53.7s. Please inspect your container logs for more details., Details: Container tailorsync-api-prod successfully created and is running., DetailsLevel: INFO
2026-09-24T20:12:42.5295685Z State: Starting, Action: WaitingForSiteWarmUpProbeSuccess, LastError: ContainerStartupFailure, LastErrorTimestamp: 09/24/2026 20:10:40, LastErrorDetails: Container exited with exit code 127 during startup after 53.7s. Please inspect your container logs for more details., Details: Pinging warmup path to ensure container is ready to receive requests., DetailsLevel: INFO
2026-09-24T20:13:42.7189956Z Site startup probe succeeded after 60.0732122 seconds.
2026-09-24T20:13:42.9987037Z State: Starting, Action: WarmUpProbeSucceeded, LastError: ContainerStartupFailure, LastErrorTimestamp: 09/24/2026 20:10:40, LastErrorDetails: Container exited with exit code 127 during startup after 53.7s. Please inspect your container logs for more details., Details: Site startup probe succeeded after 60.0732122 seconds., DetailsLevel: INFO
2026-09-24T20:13:43.5113707Z Site is running with deployment version: a0477180-9110-4b3b-b095-a5ef64733ae4
2026-09-24T20:13:43.5172169Z Site started.
2026-09-24T20:13:43.5185948Z State: Started, Action: None, LastError: ContainerStartupFailure, LastErrorTimestamp: 09/24/2026 20:10:40, LastErrorDetails: Container exited with exit code 127 during startup after 53.7s. Please inspect your container logs for more details., Details: Site started at 09/24/2026 20:13:43 (UTC), DetailsLevel: INFO
2026-09-24T20:13:43.6296192Z Site is running with patch version PYTHON-3.11.15
2026-09-24T20:22:27.0977285Z State: Starting, Action: EstablishingSiteNetworks, LastError: , LastErrorTimestamp: 01/01/0001 00:00:00, LastErrorDetails: , Details: , DetailsLevel: INFO
2026-09-24T20:22:37.5442886Z State: Starting, Action: StartingMsiContainer, LastError: , LastErrorTimestamp: 01/01/0001 00:00:00, LastErrorDetails: , Details: , DetailsLevel: INFO
2026-09-24T20:22:56.5445054Z State: Starting, Action: StartingSiteContainers, LastError: , LastErrorTimestamp: 01/01/0001 00:00:00, LastErrorDetails: , Details: , DetailsLevel: INFO
2026-09-24T20:22:56.5571277Z Container start method called.
2026-09-24T20:22:56.5634456Z State: Starting, Action: PullingImage, LastError: , LastErrorTimestamp: 01/01/0001 00:00:00, LastErrorDetails: , Details: Pulling image 10.1.0.5:13209/appsvc/python:3.11_20260910.3.tuxprod for tailorsync-api-prod., DetailsLevel: INFO
2026-09-24T20:22:56.5639040Z Establishing network.
2026-09-24T20:22:56.5640349Z Pulling image: appsvc/python:3.11_20260910.3.tuxprod.
2026-09-24T20:22:57.0109316Z Container is starting.
2026-09-24T20:22:57.0110033Z State: Starting, Action: MountingVolumes, LastError: , LastErrorTimestamp: 01/01/0001 00:00:00, LastErrorDetails: , Details: Mounting volumes for tailorsync-api-prod., DetailsLevel: INFO
2026-09-24T20:22:57.0110632Z Establishing user namespace if not established already.
2026-09-24T20:22:57.0111164Z Establishing network if not established already.
2026-09-24T20:22:57.0111784Z Mounting volumes.
2026-09-24T20:22:57.0112742Z Nested mountpoint 
2026-09-24T20:22:57.0297321Z Nested mountpoint volatile/logs
2026-09-24T20:22:57.1296697Z Nested mountpoint 
2026-09-24T20:22:57.2693582Z Nested mountpoint 
2026-09-24T20:22:57.3084251Z Nested mountpoint 
2026-09-24T20:22:57.5578030Z Nested mountpoint 
2026-09-24T20:22:58.3535405Z State: Starting, Action: CreatingContainer, LastError: , LastErrorTimestamp: 01/01/0001 00:00:00, LastErrorDetails: , Details: Finished pulling container image and mounting volumes for tailorsync-api-prod. Allocatinng the rest of the container resources to finish container creation., DetailsLevel: INFO
2026-09-24T20:22:58.3843523Z Creating container.
2026-09-24T20:22:58.3845870Z Creating pipes for streaming container io.
2026-09-24T20:22:58.3846588Z Creating stdout named pipe at /podr/container/pipe/4a6571c2107c_tailorsync-api-prod/stdout_c7298ea9be7e4f2d9e312f5cd68e7e57.
2026-09-24T20:22:58.3950415Z Successfully created stdout named pipe at: /podr/container/pipe/4a6571c2107c_tailorsync-api-prod/stdout_c7298ea9be7e4f2d9e312f5cd68e7e57.
2026-09-24T20:22:58.3951689Z Opening named pipe /podr/container/pipe/4a6571c2107c_tailorsync-api-prod/stdout_c7298ea9be7e4f2d9e312f5cd68e7e57 for reading in non-blocking mode.
2026-09-24T20:22:58.4022310Z Successfully opened named pipe: /podr/container/pipe/4a6571c2107c_tailorsync-api-prod/stdout_c7298ea9be7e4f2d9e312f5cd68e7e57.
2026-09-24T20:22:58.4035537Z Successfully removed non-blocking flag from /podr/container/pipe/4a6571c2107c_tailorsync-api-prod/stdout_c7298ea9be7e4f2d9e312f5cd68e7e57.
2026-09-24T20:22:58.4058974Z Creating stderr named pipe at /podr/container/pipe/4a6571c2107c_tailorsync-api-prod/stderr_9a6e63725f454b5f8559fd5eaccdf60b.
2026-09-24T20:22:58.4133674Z Successfully created stderr named pipe at: /podr/container/pipe/4a6571c2107c_tailorsync-api-prod/stderr_9a6e63725f454b5f8559fd5eaccdf60b.
2026-09-24T20:22:58.4137534Z Opening named pipe /podr/container/pipe/4a6571c2107c_tailorsync-api-prod/stderr_9a6e63725f454b5f8559fd5eaccdf60b for reading in non-blocking mode.
2026-09-24T20:22:58.4144580Z Successfully opened named pipe: /podr/container/pipe/4a6571c2107c_tailorsync-api-prod/stderr_9a6e63725f454b5f8559fd5eaccdf60b.
2026-09-24T20:22:58.4149704Z Successfully removed non-blocking flag from /podr/container/pipe/4a6571c2107c_tailorsync-api-prod/stderr_9a6e63725f454b5f8559fd5eaccdf60b.
2026-09-24T20:22:58.4150623Z Creating container with image: appsvc/python:3.11_20260910.3.tuxprod from registry: 10.1.0.5:13209 and fully qualified image name: 10.1.0.5:13209/appsvc/python:3.11_20260910.3.tuxprod
2026-09-24T20:22:59.2131752Z Starting container: 4a6571c2107c_tailorsync-api-prod.
2026-09-24T20:22:59.3738441Z Starting watchers and probes.
2026-09-24T20:22:59.3842681Z Starting metrics collection.
2026-09-24T20:22:59.3847501Z Container is running.
2026-09-24T20:22:59.3848442Z State: Starting, Action: CreatingContainer, LastError: , LastErrorTimestamp: 01/01/0001 00:00:00, LastErrorDetails: , Details: Container tailorsync-api-prod successfully created and is running., DetailsLevel: INFO
2026-09-24T20:22:59.5141915Z Container start method finished after 2956 ms.
2026-09-24T20:22:59.5515199Z State: Starting, Action: InitiatingSiteWarmUpProbe, LastError: , LastErrorTimestamp: 01/01/0001 00:00:00, LastErrorDetails: , Details: Container tailorsync-api-prod successfully created and is running., DetailsLevel: INFO
2026-09-24T20:22:59.6217729Z State: Starting, Action: WaitingForSiteWarmUpProbeSuccess, LastError: , LastErrorTimestamp: 01/01/0001 00:00:00, LastErrorDetails: , Details: Pinging warmup path to ensure container is ready to receive requests., DetailsLevel: INFO
2026-09-24T20:24:01.8013804Z Site startup probe succeeded after 62.1054871 seconds.
2026-09-24T20:24:02.3399177Z State: Starting, Action: WarmUpProbeSucceeded, LastError: , LastErrorTimestamp: 01/01/0001 00:00:00, LastErrorDetails: , Details: Site startup probe succeeded after 62.1054871 seconds., DetailsLevel: INFO
2026-09-24T20:24:06.5349402Z Site is running with deployment version: 08b28732-db5e-4b62-bd25-770fbbc174e9
2026-09-24T20:24:06.6113887Z Site started.
2026-09-24T20:24:06.6147118Z State: Started, Action: None, LastError: , LastErrorTimestamp: 01/01/0001 00:00:00, LastErrorDetails: , Details: Site started at 09/24/2026 20:24:06 (UTC), DetailsLevel: INFO
2026-09-24T20:24:06.6338380Z Site is running with patch version PYTHON-3.11.15
2026-09-24T20:24:27.4410147Z State: Stopping, Action: StoppingSite, LastError: ContainerStartupFailure, LastErrorTimestamp: 09/24/2026 20:10:40, LastErrorDetails: Container exited with exit code 127 during startup after 53.7s. Please inspect your container logs for more details., Details: Site started at 09/24/2026 20:13:43 (UTC), DetailsLevel: INFO
2026-09-24T20:24:27.4453382Z State: Stopping, Action: StoppingSiteContainers, LastError: ContainerStartupFailure, LastErrorTimestamp: 09/24/2026 20:10:40, LastErrorDetails: Container exited with exit code 127 during startup after 53.7s. Please inspect your container logs for more details., Details: Site started at 09/24/2026 20:13:43 (UTC), DetailsLevel: INFO
2026-09-24T20:24:27.4466807Z Container is terminating. Grace period: 5 seconds.
2026-09-24T20:24:27.5017857Z Stop and delete container. Retry count = 0
2026-09-24T20:24:27.5023424Z Stopping container: 3bb2a88c9806_tailorsync-api-prod.
2026-09-24T20:24:33.6057347Z Deleting container: 3bb2a88c9806_tailorsync-api-prod. Retry count = 0
2026-09-24T20:24:37.9308501Z Container spec TerminationMessagePolicy  path 
2026-09-24T20:24:37.9361439Z Container is terminated. Total time elapsed: 10483 ms.
2026-09-24T20:24:39.3841858Z Site: tailorsync-api-prod stopped.
2026-09-24T20:26:48.2647968Z State: Starting, Action: EstablishingSiteNetworks, LastError: , LastErrorTimestamp: 01/01/0001 00:00:00, LastErrorDetails: , Details: , DetailsLevel: INFO
2026-09-24T20:26:53.8330513Z State: Starting, Action: StartingMsiContainer, LastError: , LastErrorTimestamp: 01/01/0001 00:00:00, LastErrorDetails: , Details: , DetailsLevel: INFO
2026-09-24T20:28:01.8275618Z State: Starting, Action: StartingSiteContainers, LastError: , LastErrorTimestamp: 01/01/0001 00:00:00, LastErrorDetails: , Details: , DetailsLevel: INFO
2026-09-24T20:28:01.8445842Z Container start method called.
2026-09-24T20:28:01.8744858Z State: Starting, Action: PullingImage, LastError: , LastErrorTimestamp: 01/01/0001 00:00:00, LastErrorDetails: , Details: Pulling image 10.1.0.4:13209/appsvc/python:3.11_20260910.3.tuxprod for tailorsync-api-prod., DetailsLevel: INFO
2026-09-24T20:28:01.8774918Z Establishing network.
2026-09-24T20:28:01.8776267Z Pulling image: appsvc/python:3.11_20260910.3.tuxprod.
2026-09-24T20:28:06.6112209Z Container is starting.
2026-09-24T20:28:06.6285226Z State: Starting, Action: MountingVolumes, LastError: , LastErrorTimestamp: 01/01/0001 00:00:00, LastErrorDetails: , Details: Mounting volumes for tailorsync-api-prod., DetailsLevel: INFO
2026-09-24T20:28:06.6405197Z Establishing user namespace if not established already.
2026-09-24T20:28:06.6408930Z Establishing network if not established already.
2026-09-24T20:28:06.6508544Z Mounting volumes.
2026-09-24T20:28:06.6606485Z Nested mountpoint 
2026-09-24T20:28:06.9885458Z Nested mountpoint volatile/logs
2026-09-24T20:28:07.4312186Z Nested mountpoint 
2026-09-24T20:28:07.5690020Z Nested mountpoint 
2026-09-24T20:28:07.8673333Z Nested mountpoint 
2026-09-24T20:28:08.4114135Z Nested mountpoint 
2026-09-24T20:28:12.9480311Z State: Starting, Action: CreatingContainer, LastError: , LastErrorTimestamp: 01/01/0001 00:00:00, LastErrorDetails: , Details: Finished pulling container image and mounting volumes for tailorsync-api-prod. Allocatinng the rest of the container resources to finish container creation., DetailsLevel: INFO
2026-09-24T20:28:12.9481684Z Creating container.
2026-09-24T20:28:12.9482859Z Creating pipes for streaming container io.
2026-09-24T20:28:12.9484657Z Creating stdout named pipe at /podr/container/pipe/94281b14f0c1_tailorsync-api-prod/stdout_218703e279584391982f78487559fc72.
2026-09-24T20:28:12.9798530Z Successfully created stdout named pipe at: /podr/container/pipe/94281b14f0c1_tailorsync-api-prod/stdout_218703e279584391982f78487559fc72.
2026-09-24T20:28:12.9886512Z Opening named pipe /podr/container/pipe/94281b14f0c1_tailorsync-api-prod/stdout_218703e279584391982f78487559fc72 for reading in non-blocking mode.
2026-09-24T20:28:12.9887748Z Successfully opened named pipe: /podr/container/pipe/94281b14f0c1_tailorsync-api-prod/stdout_218703e279584391982f78487559fc72.
2026-09-24T20:28:12.9888776Z Successfully removed non-blocking flag from /podr/container/pipe/94281b14f0c1_tailorsync-api-prod/stdout_218703e279584391982f78487559fc72.
2026-09-24T20:28:13.1082443Z Creating stderr named pipe at /podr/container/pipe/94281b14f0c1_tailorsync-api-prod/stderr_88efb7a3450b45be905e81d865551a48.
2026-09-24T20:28:13.1084972Z Successfully created stderr named pipe at: /podr/container/pipe/94281b14f0c1_tailorsync-api-prod/stderr_88efb7a3450b45be905e81d865551a48.
2026-09-24T20:28:13.1085757Z Opening named pipe /podr/container/pipe/94281b14f0c1_tailorsync-api-prod/stderr_88efb7a3450b45be905e81d865551a48 for reading in non-blocking mode.
2026-09-24T20:28:13.1086479Z Successfully opened named pipe: /podr/container/pipe/94281b14f0c1_tailorsync-api-prod/stderr_88efb7a3450b45be905e81d865551a48.
2026-09-24T20:28:13.1087251Z Successfully removed non-blocking flag from /podr/container/pipe/94281b14f0c1_tailorsync-api-prod/stderr_88efb7a3450b45be905e81d865551a48.
2026-09-24T20:28:13.1088175Z Creating container with image: appsvc/python:3.11_20260910.3.tuxprod from registry: 10.1.0.4:13209 and fully qualified image name: 10.1.0.4:13209/appsvc/python:3.11_20260910.3.tuxprod
2026-09-24T20:28:18.4643947Z Starting container: 94281b14f0c1_tailorsync-api-prod.
2026-09-24T20:28:18.7535019Z Starting watchers and probes.
2026-09-24T20:28:18.7544431Z Starting metrics collection.
2026-09-24T20:28:18.7621331Z Container is running.
2026-09-24T20:28:18.7637997Z State: Starting, Action: CreatingContainer, LastError: , LastErrorTimestamp: 01/01/0001 00:00:00, LastErrorDetails: , Details: Container tailorsync-api-prod successfully created and is running., DetailsLevel: INFO
2026-09-24T20:28:19.3911235Z Container start method finished after 17416 ms.
2026-09-24T20:28:19.3914752Z State: Starting, Action: InitiatingSiteWarmUpProbe, LastError: , LastErrorTimestamp: 01/01/0001 00:00:00, LastErrorDetails: , Details: Container tailorsync-api-prod successfully created and is running., DetailsLevel: INFO
2026-09-24T20:28:19.3915026Z State: Starting, Action: WaitingForSiteWarmUpProbeSuccess, LastError: , LastErrorTimestamp: 01/01/0001 00:00:00, LastErrorDetails: , Details: Pinging warmup path to ensure container is ready to receive requests., DetailsLevel: INFO
2026-09-24T20:29:15.1499817Z Container has finished running with exit code: 127.
2026-09-24T20:29:15.1596597Z Container is terminating. Grace period: 5 seconds.
2026-09-24T20:29:15.1703250Z Stop and delete container. Retry count = 0
2026-09-24T20:29:15.1869292Z Stopping container: 94281b14f0c1_tailorsync-api-prod.
2026-09-24T20:29:15.5266767Z Deleting container: 94281b14f0c1_tailorsync-api-prod. Retry count = 0
2026-09-24T20:29:16.9689311Z Container spec TerminationMessagePolicy  path 
2026-09-24T20:29:17.0186697Z Container is terminated. Total time elapsed: 1834 ms.
2026-09-24T20:29:17.0189946Z Site container: tailorsync-api-prod terminated during site startup.
2026-09-24T20:29:17.0308509Z State: Stopping, Action: CancellingStartup, LastError: , LastErrorTimestamp: 01/01/0001 00:00:00, LastErrorDetails: , Details: Site container: tailorsync-api-prod terminated during site startup. Cancelling site startup., DetailsLevel: ERR
2026-09-24T20:29:18.6365016Z Site startup probe failed after 58.889494 seconds.
2026-09-24T20:29:19.4726591Z State: Stopping, Action: CancellingStartup, LastError: ContainerStartupFailure, LastErrorTimestamp: 09/24/2026 20:29:19, LastErrorDetails: Container exited with exit code 127 during startup after 58.2s. Please inspect your container logs for more details., Details: Site container: tailorsync-api-prod terminated during site startup. Cancelling site startup., DetailsLevel: ERR
2026-09-24T20:29:19.5101655Z Failed to start site. Revert by stopping site.
2026-09-24T20:29:19.5326074Z State: Stopping, Action: StoppingSite, LastError: ContainerStartupFailure, LastErrorTimestamp: 09/24/2026 20:29:19, LastErrorDetails: Container exited with exit code 127 during startup after 58.2s. Please inspect your container logs for more details., Details: Site container: tailorsync-api-prod terminated during site startup. Cancelling site startup., DetailsLevel: ERR
2026-09-24T20:29:19.5509205Z State: Stopping, Action: StoppingSiteContainers, LastError: ContainerStartupFailure, LastErrorTimestamp: 09/24/2026 20:29:19, LastErrorDetails: Container exited with exit code 127 during startup after 58.2s. Please inspect your container logs for more details., Details: Site container: tailorsync-api-prod terminated during site startup. Cancelling site startup., DetailsLevel: ERR
2026-09-24T20:29:21.0650289Z Site container: tailorsync-api-prod_managedIdentity terminated during site startup.
2026-09-24T20:29:21.0655207Z State: Stopping, Action: StoppingSiteContainers, LastError: ContainerStartupFailure, LastErrorTimestamp: 09/24/2026 20:29:19, LastErrorDetails: Container exited with exit code 127 during startup after 58.2s. Please inspect your container logs for more details., Details: Site container: tailorsync-api-prod terminated during site startup. Cancelling site startup., DetailsLevel: ERR
2026-09-24T20:29:21.0669763Z Site: tailorsync-api-prod stopped.
2026-09-24T20:29:46.2787107Z State: Stopping, Action: StoppingSite, LastError: ContainerStartupFailure, LastErrorTimestamp: 09/24/2026 20:10:40, LastErrorDetails: Container exited with exit code 127 during startup after 53.7s. Please inspect your container logs for more details., Details: Site started at 09/24/2026 20:24:06 (UTC), DetailsLevel: INFO
2026-09-24T20:29:46.2909848Z State: Stopping, Action: StoppingSiteContainers, LastError: ContainerStartupFailure, LastErrorTimestamp: 09/24/2026 20:10:40, LastErrorDetails: Container exited with exit code 127 during startup after 53.7s. Please inspect your container logs for more details., Details: Site started at 09/24/2026 20:24:06 (UTC), DetailsLevel: INFO
2026-09-24T20:29:46.2911552Z Container is terminating. Grace period: 5 seconds.
2026-09-24T20:29:46.3301337Z Stop and delete container. Retry count = 0
2026-09-24T20:29:46.3302805Z Stopping container: 4a6571c2107c_tailorsync-api-prod.
2026-09-24T20:29:53.4481471Z Deleting container: 4a6571c2107c_tailorsync-api-prod. Retry count = 0
2026-09-24T20:30:00.0361202Z Container spec TerminationMessagePolicy  path 
2026-09-24T20:30:00.0362952Z Container is terminated. Total time elapsed: 13744 ms.
2026-09-24T20:30:02.7069003Z Site: tailorsync-api-prod stopped.
2026-09-24T20:29:21.1357945Z State: Stopping, Action: UnmountingVolumes, LastError: ContainerStartupFailure, LastErrorTimestamp: 09/24/2026 20:29:19, LastErrorDetails: Container exited with exit code 127 during startup after 58.2s. Please inspect your container logs for more details., Details: Site container: tailorsync-api-prod terminated during site startup. Cancelling site startup., DetailsLevel: ERR
2026-09-24T20:29:22.6695237Z State: Stopping, Action: StoppingSiteNetworks, LastError: ContainerStartupFailure, LastErrorTimestamp: 09/24/2026 20:29:19, LastErrorDetails: Container exited with exit code 127 during startup after 58.2s. Please inspect your container logs for more details., Details: Site container: tailorsync-api-prod terminated during site startup. Cancelling site startup., DetailsLevel: ERR
2026-09-24T20:29:24.4056594Z State: Stopped, Action: None, LastError: ContainerStartupFailure, LastErrorTimestamp: 09/24/2026 20:29:19, LastErrorDetails: Container exited with exit code 127 during startup after 58.2s. Please inspect your container logs for more details., Details: Site stopped at 09/24/2026 20:29:24 (UTC), DetailsLevel: ERR
2026-09-24T20:29:26.3812887Z State: Stopped, Action: None, LastError: ContainerStartupFailure, LastErrorTimestamp: 09/24/2026 20:29:19, LastErrorDetails: Container exited with exit code 127 during startup after 58.2s. Please inspect your container logs for more details., Details: Site stopped at 09/24/2026 20:29:24 (UTC), DetailsLevel: ERR
2026-09-24T20:33:56.9977442Z State: Starting, Action: EstablishingSiteNetworks, LastError: ContainerStartupFailure, LastErrorTimestamp: 09/24/2026 20:29:19, LastErrorDetails: Container exited with exit code 127 during startup after 58.2s. Please inspect your container logs for more details., Details: Site stopped at 09/24/2026 20:29:24 (UTC), DetailsLevel: ERR
2026-09-24T20:34:00.0261181Z State: Starting, Action: StartingMsiContainer, LastError: ContainerStartupFailure, LastErrorTimestamp: 09/24/2026 20:29:19, LastErrorDetails: Container exited with exit code 127 during startup after 58.2s. Please inspect your container logs for more details., Details: Site stopped at 09/24/2026 20:29:24 (UTC), DetailsLevel: ERR
2026-09-24T20:34:18.9929347Z State: Starting, Action: StartingSiteContainers, LastError: ContainerStartupFailure, LastErrorTimestamp: 09/24/2026 20:29:19, LastErrorDetails: Container exited with exit code 127 during startup after 58.2s. Please inspect your container logs for more details., Details: Site stopped at 09/24/2026 20:29:24 (UTC), DetailsLevel: ERR
2026-09-24T20:34:18.9974216Z Container start method called.
2026-09-24T20:34:18.9974988Z State: Starting, Action: PullingImage, LastError: ContainerStartupFailure, LastErrorTimestamp: 09/24/2026 20:29:19, LastErrorDetails: Container exited with exit code 127 during startup after 58.2s. Please inspect your container logs for more details., Details: Pulling image 10.1.0.4:13209/appsvc/python:3.11_20260910.3.tuxprod for tailorsync-api-prod., DetailsLevel: INFO
2026-09-24T20:34:18.9976086Z Establishing network.
2026-09-24T20:34:18.9977244Z Pulling image: appsvc/python:3.11_20260910.3.tuxprod.
2026-09-24T20:34:19.3175096Z Container is starting.
2026-09-24T20:34:19.3176051Z State: Starting, Action: MountingVolumes, LastError: ContainerStartupFailure, LastErrorTimestamp: 09/24/2026 20:29:19, LastErrorDetails: Container exited with exit code 127 during startup after 58.2s. Please inspect your container logs for more details., Details: Mounting volumes for tailorsync-api-prod., DetailsLevel: INFO
2026-09-24T20:34:19.3176666Z Establishing user namespace if not established already.
2026-09-24T20:34:19.3177217Z Establishing network if not established already.
2026-09-24T20:34:19.3177987Z Mounting volumes.
2026-09-24T20:34:19.3178903Z Nested mountpoint 
2026-09-24T20:34:19.3482298Z Nested mountpoint volatile/logs
2026-09-24T20:34:19.4078992Z Nested mountpoint 
2026-09-24T20:34:19.5578939Z Nested mountpoint 
2026-09-24T20:34:19.7276318Z Nested mountpoint 
2026-09-24T20:34:19.7796955Z Nested mountpoint 
2026-09-24T20:34:20.2498021Z State: Starting, Action: CreatingContainer, LastError: ContainerStartupFailure, LastErrorTimestamp: 09/24/2026 20:29:19, LastErrorDetails: Container exited with exit code 127 during startup after 58.2s. Please inspect your container logs for more details., Details: Finished pulling container image and mounting volumes for tailorsync-api-prod. Allocatinng the rest of the container resources to finish container creation., DetailsLevel: INFO
2026-09-24T20:34:20.2499062Z Creating container.
2026-09-24T20:34:20.2499645Z Creating pipes for streaming container io.
2026-09-24T20:34:20.2501283Z Creating stdout named pipe at /podr/container/pipe/035ac43ee289_tailorsync-api-prod/stdout_868efd22651144579d45c1144a522692.
2026-09-24T20:34:20.2778017Z Successfully created stdout named pipe at: /podr/container/pipe/035ac43ee289_tailorsync-api-prod/stdout_868efd22651144579d45c1144a522692.
2026-09-24T20:34:20.2782240Z Opening named pipe /podr/container/pipe/035ac43ee289_tailorsync-api-prod/stdout_868efd22651144579d45c1144a522692 for reading in non-blocking mode.
2026-09-24T20:34:20.2793905Z Successfully opened named pipe: /podr/container/pipe/035ac43ee289_tailorsync-api-prod/stdout_868efd22651144579d45c1144a522692.
2026-09-24T20:34:20.2794723Z Successfully removed non-blocking flag from /podr/container/pipe/035ac43ee289_tailorsync-api-prod/stdout_868efd22651144579d45c1144a522692.
2026-09-24T20:34:20.2865918Z Creating stderr named pipe at /podr/container/pipe/035ac43ee289_tailorsync-api-prod/stderr_b9037479b63d4a4c997677bf0759d94c.
2026-09-24T20:34:20.2877048Z Successfully created stderr named pipe at: /podr/container/pipe/035ac43ee289_tailorsync-api-prod/stderr_b9037479b63d4a4c997677bf0759d94c.
2026-09-24T20:34:20.2878175Z Opening named pipe /podr/container/pipe/035ac43ee289_tailorsync-api-prod/stderr_b9037479b63d4a4c997677bf0759d94c for reading in non-blocking mode.
2026-09-24T20:34:20.2879380Z Successfully opened named pipe: /podr/container/pipe/035ac43ee289_tailorsync-api-prod/stderr_b9037479b63d4a4c997677bf0759d94c.
2026-09-24T20:34:20.2880297Z Successfully removed non-blocking flag from /podr/container/pipe/035ac43ee289_tailorsync-api-prod/stderr_b9037479b63d4a4c997677bf0759d94c.
2026-09-24T20:34:20.2883098Z Creating container with image: appsvc/python:3.11_20260910.3.tuxprod from registry: 10.1.0.4:13209 and fully qualified image name: 10.1.0.4:13209/appsvc/python:3.11_20260910.3.tuxprod
2026-09-24T20:34:21.2785597Z Starting container: 035ac43ee289_tailorsync-api-prod.
2026-09-24T20:34:21.3972022Z Starting watchers and probes.
2026-09-24T20:34:21.4157670Z Starting metrics collection.
2026-09-24T20:34:21.4171105Z Container is running.
2026-09-24T20:34:21.4276015Z State: Starting, Action: CreatingContainer, LastError: ContainerStartupFailure, LastErrorTimestamp: 09/24/2026 20:29:19, LastErrorDetails: Container exited with exit code 127 during startup after 58.2s. Please inspect your container logs for more details., Details: Container tailorsync-api-prod successfully created and is running., DetailsLevel: INFO
2026-09-24T20:34:21.8298042Z Container start method finished after 2832 ms.
2026-09-24T20:34:21.9079531Z State: Starting, Action: InitiatingSiteWarmUpProbe, LastError: ContainerStartupFailure, LastErrorTimestamp: 09/24/2026 20:29:19, LastErrorDetails: Container exited with exit code 127 during startup after 58.2s. Please inspect your container logs for more details., Details: Container tailorsync-api-prod successfully created and is running., DetailsLevel: INFO
2026-09-24T20:34:21.9080411Z State: Starting, Action: WaitingForSiteWarmUpProbeSuccess, LastError: ContainerStartupFailure, LastErrorTimestamp: 09/24/2026 20:29:19, LastErrorDetails: Container exited with exit code 127 during startup after 58.2s. Please inspect your container logs for more details., Details: Pinging warmup path to ensure container is ready to receive requests., DetailsLevel: INFO
2026-09-24T20:35:24.7783532Z Site startup probe succeeded after 62.6215761 seconds.
2026-09-24T20:35:25.1579238Z State: Starting, Action: WarmUpProbeSucceeded, LastError: ContainerStartupFailure, LastErrorTimestamp: 09/24/2026 20:29:19, LastErrorDetails: Container exited with exit code 127 during startup after 58.2s. Please inspect your container logs for more details., Details: Site startup probe succeeded after 62.6215761 seconds., DetailsLevel: INFO
2026-09-24T20:35:26.1429043Z Site is running with deployment version: 08355e2a-50c0-4358-af9e-78e5ff351143
2026-09-24T20:35:26.1492537Z Site started.
2026-09-24T20:35:26.1493725Z State: Started, Action: None, LastError: ContainerStartupFailure, LastErrorTimestamp: 09/24/2026 20:29:19, LastErrorDetails: Container exited with exit code 127 during startup after 58.2s. Please inspect your container logs for more details., Details: Site started at 09/24/2026 20:35:26 (UTC), DetailsLevel: INFO
2026-09-24T20:35:26.3388510Z Site is running with patch version PYTHON-3.11.15
2026-09-24T20:43:32.6610398Z State: Starting, Action: EstablishingSiteNetworks, LastError: , LastErrorTimestamp: 01/01/0001 00:00:00, LastErrorDetails: , Details: , DetailsLevel: INFO
2026-09-24T20:43:37.9811945Z State: Starting, Action: StartingMsiContainer, LastError: , LastErrorTimestamp: 01/01/0001 00:00:00, LastErrorDetails: , Details: , DetailsLevel: INFO
2026-09-24T20:43:56.3086513Z State: Starting, Action: StartingSiteContainers, LastError: , LastErrorTimestamp: 01/01/0001 00:00:00, LastErrorDetails: , Details: , DetailsLevel: INFO
2026-09-24T20:43:56.3091078Z Container start method called.
2026-09-24T20:43:56.3091583Z State: Starting, Action: PullingImage, LastError: , LastErrorTimestamp: 01/01/0001 00:00:00, LastErrorDetails: , Details: Pulling image 10.1.0.5:13209/appsvc/python:3.11_20260910.3.tuxprod for tailorsync-api-prod., DetailsLevel: INFO
2026-09-24T20:43:56.3092446Z Establishing network.
2026-09-24T20:43:56.3093183Z Pulling image: appsvc/python:3.11_20260910.3.tuxprod.
2026-09-24T20:43:56.6275555Z Container is starting.
2026-09-24T20:43:56.6277389Z State: Starting, Action: MountingVolumes, LastError: , LastErrorTimestamp: 01/01/0001 00:00:00, LastErrorDetails: , Details: Mounting volumes for tailorsync-api-prod., DetailsLevel: INFO
2026-09-24T20:43:56.6278871Z Establishing user namespace if not established already.
2026-09-24T20:43:56.6289657Z Establishing network if not established already.
2026-09-24T20:43:56.6294447Z Mounting volumes.
2026-09-24T20:43:56.6357596Z Nested mountpoint 
2026-09-24T20:43:56.6450416Z Nested mountpoint volatile/logs
2026-09-24T20:43:56.6957453Z Nested mountpoint 
2026-09-24T20:43:56.7946343Z Nested mountpoint 
2026-09-24T20:43:56.8047158Z Nested mountpoint 
2026-09-24T20:43:56.8650547Z Nested mountpoint 
2026-09-24T20:43:57.7687314Z State: Starting, Action: CreatingContainer, LastError: , LastErrorTimestamp: 01/01/0001 00:00:00, LastErrorDetails: , Details: Finished pulling container image and mounting volumes for tailorsync-api-prod. Allocatinng the rest of the container resources to finish container creation., DetailsLevel: INFO
2026-09-24T20:43:57.7970559Z Creating container.
2026-09-24T20:43:57.7976988Z Creating pipes for streaming container io.
2026-09-24T20:43:57.8182918Z Creating stdout named pipe at /podr/container/pipe/91af4c36add7_tailorsync-api-prod/stdout_5f64341f68314429b170bf82005c419b.
2026-09-24T20:43:57.8352545Z Successfully created stdout named pipe at: /podr/container/pipe/91af4c36add7_tailorsync-api-prod/stdout_5f64341f68314429b170bf82005c419b.
2026-09-24T20:43:57.8354242Z Opening named pipe /podr/container/pipe/91af4c36add7_tailorsync-api-prod/stdout_5f64341f68314429b170bf82005c419b for reading in non-blocking mode.
2026-09-24T20:43:57.8355229Z Successfully opened named pipe: /podr/container/pipe/91af4c36add7_tailorsync-api-prod/stdout_5f64341f68314429b170bf82005c419b.
2026-09-24T20:43:57.8355778Z Successfully removed non-blocking flag from /podr/container/pipe/91af4c36add7_tailorsync-api-prod/stdout_5f64341f68314429b170bf82005c419b.
2026-09-24T20:43:57.8357473Z Creating stderr named pipe at /podr/container/pipe/91af4c36add7_tailorsync-api-prod/stderr_9292e36896d1406092faff6c6482bb43.
2026-09-24T20:43:57.8358802Z Successfully created stderr named pipe at: /podr/container/pipe/91af4c36add7_tailorsync-api-prod/stderr_9292e36896d1406092faff6c6482bb43.
2026-09-24T20:43:57.8359458Z Opening named pipe /podr/container/pipe/91af4c36add7_tailorsync-api-prod/stderr_9292e36896d1406092faff6c6482bb43 for reading in non-blocking mode.
2026-09-24T20:43:57.8360149Z Successfully opened named pipe: /podr/container/pipe/91af4c36add7_tailorsync-api-prod/stderr_9292e36896d1406092faff6c6482bb43.
2026-09-24T20:43:57.8360613Z Successfully removed non-blocking flag from /podr/container/pipe/91af4c36add7_tailorsync-api-prod/stderr_9292e36896d1406092faff6c6482bb43.
2026-09-24T20:43:57.8361944Z Creating container with image: appsvc/python:3.11_20260910.3.tuxprod from registry: 10.1.0.5:13209 and fully qualified image name: 10.1.0.5:13209/appsvc/python:3.11_20260910.3.tuxprod
2026-09-24T20:43:59.5408290Z Starting container: 91af4c36add7_tailorsync-api-prod.
2026-09-24T20:43:59.9080338Z Starting watchers and probes.
2026-09-24T20:43:59.9105279Z Starting metrics collection.
2026-09-24T20:43:59.9107178Z Container is running.
2026-09-24T20:43:59.9108253Z State: Starting, Action: CreatingContainer, LastError: , LastErrorTimestamp: 01/01/0001 00:00:00, LastErrorDetails: , Details: Container tailorsync-api-prod successfully created and is running., DetailsLevel: INFO
2026-09-24T20:44:00.2789753Z Container start method finished after 3860 ms.
2026-09-24T20:44:00.2968591Z State: Starting, Action: InitiatingSiteWarmUpProbe, LastError: , LastErrorTimestamp: 01/01/0001 00:00:00, LastErrorDetails: , Details: Container tailorsync-api-prod successfully created and is running., DetailsLevel: INFO
2026-09-24T20:44:00.2983685Z State: Starting, Action: WaitingForSiteWarmUpProbeSuccess, LastError: , LastErrorTimestamp: 01/01/0001 00:00:00, LastErrorDetails: , Details: Pinging warmup path to ensure container is ready to receive requests., DetailsLevel: INFO
2026-09-24T20:45:22.5225217Z Site startup probe succeeded after 82.0785787 seconds.
2026-09-24T20:45:23.1244558Z State: Starting, Action: WarmUpProbeSucceeded, LastError: , LastErrorTimestamp: 01/01/0001 00:00:00, LastErrorDetails: , Details: Site startup probe succeeded after 82.0785787 seconds., DetailsLevel: INFO
2026-09-24T20:45:24.2953570Z Site is running with deployment version: 1a8e15a4-1cde-40d8-8401-7a5f30325856
2026-09-24T20:45:24.3056506Z Site started.
2026-09-24T20:45:24.3149940Z State: Started, Action: None, LastError: , LastErrorTimestamp: 01/01/0001 00:00:00, LastErrorDetails: , Details: Site started at 09/24/2026 20:45:24 (UTC), DetailsLevel: INFO
2026-09-24T20:45:24.3275266Z Site is running with patch version PYTHON-3.11.15
2026-09-24T20:45:44.7838102Z State: Stopping, Action: StoppingSite, LastError: ContainerStartupFailure, LastErrorTimestamp: 09/24/2026 20:29:19, LastErrorDetails: Container exited with exit code 127 during startup after 58.2s. Please inspect your container logs for more details., Details: Site started at 09/24/2026 20:35:26 (UTC), DetailsLevel: INFO
2026-09-24T20:45:44.7931942Z State: Stopping, Action: StoppingSiteContainers, LastError: ContainerStartupFailure, LastErrorTimestamp: 09/24/2026 20:29:19, LastErrorDetails: Container exited with exit code 127 during startup after 58.2s. Please inspect your container logs for more details., Details: Site started at 09/24/2026 20:35:26 (UTC), DetailsLevel: INFO
2026-09-24T20:45:44.7957877Z Container is terminating. Grace period: 5 seconds.
2026-09-24T20:45:44.8422691Z Stop and delete container. Retry count = 0
2026-09-24T20:45:44.8433610Z Stopping container: 035ac43ee289_tailorsync-api-prod.
2026-09-24T20:45:50.1414679Z Deleting container: 035ac43ee289_tailorsync-api-prod. Retry count = 0
2026-09-24T20:45:53.9299549Z Container spec TerminationMessagePolicy  path 
2026-09-24T20:45:53.9322632Z Container is terminated. Total time elapsed: 9135 ms.
2026-09-24T20:45:55.5267612Z Site: tailorsync-api-prod stopped.
2026-09-24T20:51:57.5335999Z State: Starting, Action: EstablishingSiteNetworks, LastError: , LastErrorTimestamp: 01/01/0001 00:00:00, LastErrorDetails: , Details: , DetailsLevel: INFO
2026-09-24T20:52:03.5261522Z State: Starting, Action: StartingMsiContainer, LastError: , LastErrorTimestamp: 01/01/0001 00:00:00, LastErrorDetails: , Details: , DetailsLevel: INFO
2026-09-24T20:52:44.1508793Z State: Starting, Action: StartingSiteContainers, LastError: , LastErrorTimestamp: 01/01/0001 00:00:00, LastErrorDetails: , Details: , DetailsLevel: INFO
2026-09-24T20:52:44.1604893Z Container start method called.
2026-09-24T20:52:44.1609326Z State: Starting, Action: PullingImage, LastError: , LastErrorTimestamp: 01/01/0001 00:00:00, LastErrorDetails: , Details: Pulling image 10.1.0.4:13209/appsvc/python:3.11_20260910.3.tuxprod for tailorsync-api-prod., DetailsLevel: INFO
2026-09-24T20:52:44.1627908Z Establishing network.
2026-09-24T20:52:44.1632424Z Pulling image: appsvc/python:3.11_20260910.3.tuxprod.
2026-09-24T20:52:44.5997849Z Container is starting.
2026-09-24T20:52:44.5998713Z State: Starting, Action: MountingVolumes, LastError: , LastErrorTimestamp: 01/01/0001 00:00:00, LastErrorDetails: , Details: Mounting volumes for tailorsync-api-prod., DetailsLevel: INFO
2026-09-24T20:52:44.5999354Z Establishing user namespace if not established already.
2026-09-24T20:52:44.6000083Z Establishing network if not established already.
2026-09-24T20:52:44.6001484Z Mounting volumes.
2026-09-24T20:52:44.6002493Z Nested mountpoint 
2026-09-24T20:52:44.7512070Z Nested mountpoint volatile/logs
2026-09-24T20:52:44.7811156Z Nested mountpoint 
2026-09-24T20:52:44.9020149Z Nested mountpoint 
2026-09-24T20:52:44.9609817Z Nested mountpoint 
2026-09-24T20:52:44.9792625Z Nested mountpoint 
2026-09-24T20:52:45.7046852Z State: Starting, Action: CreatingContainer, LastError: , LastErrorTimestamp: 01/01/0001 00:00:00, LastErrorDetails: , Details: Finished pulling container image and mounting volumes for tailorsync-api-prod. Allocatinng the rest of the container resources to finish container creation., DetailsLevel: INFO
2026-09-24T20:52:45.7055820Z Creating container.
2026-09-24T20:52:45.7532566Z Creating pipes for streaming container io.
2026-09-24T20:52:45.7538567Z Creating stdout named pipe at /podr/container/pipe/69be3230bec4_tailorsync-api-prod/stdout_ca04b4fca291495dbb8586e6c3bfca2d.
2026-09-24T20:52:45.7557621Z Successfully created stdout named pipe at: /podr/container/pipe/69be3230bec4_tailorsync-api-prod/stdout_ca04b4fca291495dbb8586e6c3bfca2d.
2026-09-24T20:52:45.7637997Z Opening named pipe /podr/container/pipe/69be3230bec4_tailorsync-api-prod/stdout_ca04b4fca291495dbb8586e6c3bfca2d for reading in non-blocking mode.
2026-09-24T20:52:45.7640270Z Successfully opened named pipe: /podr/container/pipe/69be3230bec4_tailorsync-api-prod/stdout_ca04b4fca291495dbb8586e6c3bfca2d.
2026-09-24T20:52:45.7650416Z Successfully removed non-blocking flag from /podr/container/pipe/69be3230bec4_tailorsync-api-prod/stdout_ca04b4fca291495dbb8586e6c3bfca2d.
2026-09-24T20:52:45.7739286Z Creating stderr named pipe at /podr/container/pipe/69be3230bec4_tailorsync-api-prod/stderr_354a45c7363e4d6d9cc8f70ce90bc9fe.
2026-09-24T20:52:45.7760336Z Successfully created stderr named pipe at: /podr/container/pipe/69be3230bec4_tailorsync-api-prod/stderr_354a45c7363e4d6d9cc8f70ce90bc9fe.
2026-09-24T20:52:45.7834570Z Opening named pipe /podr/container/pipe/69be3230bec4_tailorsync-api-prod/stderr_354a45c7363e4d6d9cc8f70ce90bc9fe for reading in non-blocking mode.
2026-09-24T20:52:45.7843927Z Successfully opened named pipe: /podr/container/pipe/69be3230bec4_tailorsync-api-prod/stderr_354a45c7363e4d6d9cc8f70ce90bc9fe.
2026-09-24T20:52:45.7851299Z Successfully removed non-blocking flag from /podr/container/pipe/69be3230bec4_tailorsync-api-prod/stderr_354a45c7363e4d6d9cc8f70ce90bc9fe.
2026-09-24T20:52:45.8146170Z Creating container with image: appsvc/python:3.11_20260910.3.tuxprod from registry: 10.1.0.4:13209 and fully qualified image name: 10.1.0.4:13209/appsvc/python:3.11_20260910.3.tuxprod
2026-09-24T20:52:47.2982748Z Starting container: 69be3230bec4_tailorsync-api-prod.
2026-09-24T20:52:47.5782905Z Starting watchers and probes.
2026-09-24T20:52:47.5794967Z Starting metrics collection.
2026-09-24T20:52:47.6062768Z Container is running.
2026-09-24T20:52:47.6065798Z State: Starting, Action: CreatingContainer, LastError: , LastErrorTimestamp: 01/01/0001 00:00:00, LastErrorDetails: , Details: Container tailorsync-api-prod successfully created and is running., DetailsLevel: INFO
2026-09-24T20:52:48.4122213Z Container start method finished after 4249 ms.
2026-09-24T20:52:48.4124283Z State: Starting, Action: InitiatingSiteWarmUpProbe, LastError: , LastErrorTimestamp: 01/01/0001 00:00:00, LastErrorDetails: , Details: Container tailorsync-api-prod successfully created and is running., DetailsLevel: INFO
2026-09-24T20:52:48.4202309Z State: Starting, Action: WaitingForSiteWarmUpProbeSuccess, LastError: , LastErrorTimestamp: 01/01/0001 00:00:00, LastErrorDetails: , Details: Pinging warmup path to ensure container is ready to receive requests., DetailsLevel: INFO
2026-09-24T20:53:54.7812343Z Site startup probe succeeded after 66.0667271 seconds.
2026-09-24T20:53:55.2840488Z State: Starting, Action: WarmUpProbeSucceeded, LastError: , LastErrorTimestamp: 01/01/0001 00:00:00, LastErrorDetails: , Details: Site startup probe succeeded after 66.0667271 seconds., DetailsLevel: INFO
2026-09-24T20:53:56.2244886Z Site is running with deployment version: 1cfe9c84-c212-4e33-92c5-da3e93cced5f
2026-09-24T20:53:56.2475537Z Site started.
2026-09-24T20:53:56.2553039Z State: Started, Action: None, LastError: , LastErrorTimestamp: 01/01/0001 00:00:00, LastErrorDetails: , Details: Site started at 09/24/2026 20:53:56 (UTC), DetailsLevel: INFO
2026-09-24T20:53:56.2846192Z Site is running with patch version PYTHON-3.11.15
2026-09-24T20:54:16.5657927Z State: Stopping, Action: StoppingSite, LastError: ContainerStartupFailure, LastErrorTimestamp: 09/24/2026 20:29:19, LastErrorDetails: Container exited with exit code 127 during startup after 58.2s. Please inspect your container logs for more details., Details: Site started at 09/24/2026 20:45:24 (UTC), DetailsLevel: INFO
2026-09-24T20:54:16.6344947Z State: Stopping, Action: StoppingSiteContainers, LastError: ContainerStartupFailure, LastErrorTimestamp: 09/24/2026 20:29:19, LastErrorDetails: Container exited with exit code 127 during startup after 58.2s. Please inspect your container logs for more details., Details: Site started at 09/24/2026 20:45:24 (UTC), DetailsLevel: INFO
2026-09-24T20:54:16.6869920Z Container is terminating. Grace period: 5 seconds.
2026-09-24T20:54:16.9279649Z Stop and delete container. Retry count = 0
2026-09-24T20:54:16.9465541Z Stopping container: 91af4c36add7_tailorsync-api-prod.
2026-09-24T20:54:21.9551220Z Deleting container: 91af4c36add7_tailorsync-api-prod. Retry count = 0
2026-09-24T20:54:25.0678543Z Container spec TerminationMessagePolicy  path 
2026-09-24T20:54:25.0783627Z Container is terminated. Total time elapsed: 8381 ms.
2026-09-24T20:54:26.7298322Z Site: tailorsync-api-prod stopped.
2026-09-24T21:01:45.9178996Z State: Starting, Action: EstablishingSiteNetworks, LastError: , LastErrorTimestamp: 01/01/0001 00:00:00, LastErrorDetails: , Details: , DetailsLevel: INFO
2026-09-24T21:01:53.7367343Z State: Starting, Action: StartingMsiContainer, LastError: , LastErrorTimestamp: 01/01/0001 00:00:00, LastErrorDetails: , Details: , DetailsLevel: INFO
2026-09-24T21:02:39.4927721Z State: Starting, Action: StartingSiteContainers, LastError: , LastErrorTimestamp: 01/01/0001 00:00:00, LastErrorDetails: , Details: , DetailsLevel: INFO
2026-09-24T21:02:39.4937592Z Container start method called.
2026-09-24T21:02:39.4939115Z State: Starting, Action: PullingImage, LastError: , LastErrorTimestamp: 01/01/0001 00:00:00, LastErrorDetails: , Details: Pulling image 10.1.0.5:13209/appsvc/python:3.11_20260910.3.tuxprod for tailorsync-api-prod., DetailsLevel: INFO
2026-09-24T21:02:39.4948582Z Establishing network.
2026-09-24T21:02:39.5223581Z Pulling image: appsvc/python:3.11_20260910.3.tuxprod.
2026-09-24T21:02:40.7325688Z Container is starting.
2026-09-24T21:02:40.7326740Z State: Starting, Action: MountingVolumes, LastError: , LastErrorTimestamp: 01/01/0001 00:00:00, LastErrorDetails: , Details: Mounting volumes for tailorsync-api-prod., DetailsLevel: INFO
2026-09-24T21:02:40.7327326Z Establishing user namespace if not established already.
2026-09-24T21:02:40.7327856Z Establishing network if not established already.
2026-09-24T21:02:40.7328434Z Mounting volumes.
2026-09-24T21:02:40.7329743Z Nested mountpoint 
2026-09-24T21:02:40.8413664Z Nested mountpoint volatile/logs
2026-09-24T21:02:40.8827139Z Nested mountpoint 
2026-09-24T21:02:41.0519689Z Nested mountpoint 
2026-09-24T21:02:41.2890360Z Nested mountpoint 
2026-09-24T21:02:41.6172666Z Nested mountpoint 
2026-09-24T21:02:43.8174311Z State: Starting, Action: CreatingContainer, LastError: , LastErrorTimestamp: 01/01/0001 00:00:00, LastErrorDetails: , Details: Finished pulling container image and mounting volumes for tailorsync-api-prod. Allocatinng the rest of the container resources to finish container creation., DetailsLevel: INFO
2026-09-24T21:02:43.8183770Z Creating container.
2026-09-24T21:02:43.8483382Z Creating pipes for streaming container io.
2026-09-24T21:02:43.8486743Z Creating stdout named pipe at /podr/container/pipe/5149de70c9a0_tailorsync-api-prod/stdout_481f1bd33dc74bbc86612bdc20206706.
2026-09-24T21:02:43.8670862Z Successfully created stdout named pipe at: /podr/container/pipe/5149de70c9a0_tailorsync-api-prod/stdout_481f1bd33dc74bbc86612bdc20206706.
2026-09-24T21:02:43.8672679Z Opening named pipe /podr/container/pipe/5149de70c9a0_tailorsync-api-prod/stdout_481f1bd33dc74bbc86612bdc20206706 for reading in non-blocking mode.
2026-09-24T21:02:43.8674194Z Successfully opened named pipe: /podr/container/pipe/5149de70c9a0_tailorsync-api-prod/stdout_481f1bd33dc74bbc86612bdc20206706.
2026-09-24T21:02:43.8675233Z Successfully removed non-blocking flag from /podr/container/pipe/5149de70c9a0_tailorsync-api-prod/stdout_481f1bd33dc74bbc86612bdc20206706.
2026-09-24T21:02:43.8678775Z Creating stderr named pipe at /podr/container/pipe/5149de70c9a0_tailorsync-api-prod/stderr_b8f14dc94a834499aefcf1803058fecc.
2026-09-24T21:02:43.9154090Z Successfully created stderr named pipe at: /podr/container/pipe/5149de70c9a0_tailorsync-api-prod/stderr_b8f14dc94a834499aefcf1803058fecc.
2026-09-24T21:02:43.9159514Z Opening named pipe /podr/container/pipe/5149de70c9a0_tailorsync-api-prod/stderr_b8f14dc94a834499aefcf1803058fecc for reading in non-blocking mode.
2026-09-24T21:02:43.9167647Z Successfully opened named pipe: /podr/container/pipe/5149de70c9a0_tailorsync-api-prod/stderr_b8f14dc94a834499aefcf1803058fecc.
2026-09-24T21:02:43.9173813Z Successfully removed non-blocking flag from /podr/container/pipe/5149de70c9a0_tailorsync-api-prod/stderr_b8f14dc94a834499aefcf1803058fecc.
2026-09-24T21:02:43.9177788Z Creating container with image: appsvc/python:3.11_20260910.3.tuxprod from registry: 10.1.0.5:13209 and fully qualified image name: 10.1.0.5:13209/appsvc/python:3.11_20260910.3.tuxprod
2026-09-24T21:02:47.0316468Z Starting container: 5149de70c9a0_tailorsync-api-prod.
2026-09-24T21:02:47.4184739Z Starting watchers and probes.
2026-09-24T21:02:47.4203341Z Starting metrics collection.
2026-09-24T21:02:47.4204392Z Container is running.
2026-09-24T21:02:47.4205137Z State: Starting, Action: CreatingContainer, LastError: , LastErrorTimestamp: 01/01/0001 00:00:00, LastErrorDetails: , Details: Container tailorsync-api-prod successfully created and is running., DetailsLevel: INFO
2026-09-24T21:02:47.7950396Z Container start method finished after 8301 ms.
2026-09-24T21:02:47.8823102Z State: Starting, Action: InitiatingSiteWarmUpProbe, LastError: , LastErrorTimestamp: 01/01/0001 00:00:00, LastErrorDetails: , Details: Container tailorsync-api-prod successfully created and is running., DetailsLevel: INFO
2026-09-24T21:02:47.8823961Z State: Starting, Action: WaitingForSiteWarmUpProbeSuccess, LastError: , LastErrorTimestamp: 01/01/0001 00:00:00, LastErrorDetails: , Details: Pinging warmup path to ensure container is ready to receive requests., DetailsLevel: INFO
2026-09-24T21:03:38.7547390Z Container has finished running with exit code: 127.
2026-09-24T21:03:38.7737752Z Container is terminating. Grace period: 5 seconds.
2026-09-24T21:03:38.8123764Z Stop and delete container. Retry count = 0
2026-09-24T21:03:38.8224360Z Stopping container: 5149de70c9a0_tailorsync-api-prod.
2026-09-24T21:03:39.1571218Z Deleting container: 5149de70c9a0_tailorsync-api-prod. Retry count = 0
2026-09-24T21:03:40.2990694Z Container spec TerminationMessagePolicy  path 
2026-09-24T21:03:40.3302213Z Container is terminated. Total time elapsed: 1526 ms.
2026-09-24T21:03:40.3371395Z Site container: tailorsync-api-prod terminated during site startup.
2026-09-24T21:03:40.3599786Z State: Stopping, Action: CancellingStartup, LastError: , LastErrorTimestamp: 01/01/0001 00:00:00, LastErrorDetails: , Details: Site container: tailorsync-api-prod terminated during site startup. Cancelling site startup., DetailsLevel: ERR
2026-09-24T21:03:44.0892370Z Site startup probe failed after 56.1210651 seconds.
2026-09-24T21:03:44.6814892Z State: Stopping, Action: CancellingStartup, LastError: ContainerStartupFailure, LastErrorTimestamp: 09/24/2026 21:03:44, LastErrorDetails: Container exited with exit code 127 during startup after 52.9s. Please inspect your container logs for more details., Details: Site container: tailorsync-api-prod terminated during site startup. Cancelling site startup., DetailsLevel: ERR
2026-09-24T21:03:44.7508109Z Failed to start site. Revert by stopping site.
2026-09-24T21:03:44.7626335Z State: Stopping, Action: StoppingSite, LastError: ContainerStartupFailure, LastErrorTimestamp: 09/24/2026 21:03:44, LastErrorDetails: Container exited with exit code 127 during startup after 52.9s. Please inspect your container logs for more details., Details: Site container: tailorsync-api-prod terminated during site startup. Cancelling site startup., DetailsLevel: ERR
2026-09-24T21:03:44.7730090Z State: Stopping, Action: StoppingSiteContainers, LastError: ContainerStartupFailure, LastErrorTimestamp: 09/24/2026 21:03:44, LastErrorDetails: Container exited with exit code 127 during startup after 52.9s. Please inspect your container logs for more details., Details: Site container: tailorsync-api-prod terminated during site startup. Cancelling site startup., DetailsLevel: ERR
2026-09-24T21:03:45.8598503Z Site container: tailorsync-api-prod_managedIdentity terminated during site startup.
2026-09-24T21:03:45.8608600Z State: Stopping, Action: StoppingSiteContainers, LastError: ContainerStartupFailure, LastErrorTimestamp: 09/24/2026 21:03:44, LastErrorDetails: Container exited with exit code 127 during startup after 52.9s. Please inspect your container logs for more details., Details: Site container: tailorsync-api-prod terminated during site startup. Cancelling site startup., DetailsLevel: ERR
2026-09-24T21:03:45.8682446Z Site: tailorsync-api-prod stopped.
2026-09-24T21:04:14.1769126Z State: Stopping, Action: StoppingSite, LastError: ContainerStartupFailure, LastErrorTimestamp: 09/24/2026 20:29:19, LastErrorDetails: Container exited with exit code 127 during startup after 58.2s. Please inspect your container logs for more details., Details: Site started at 09/24/2026 20:53:56 (UTC), DetailsLevel: INFO
2026-09-24T21:04:14.2061360Z State: Stopping, Action: StoppingSiteContainers, LastError: ContainerStartupFailure, LastErrorTimestamp: 09/24/2026 20:29:19, LastErrorDetails: Container exited with exit code 127 during startup after 58.2s. Please inspect your container logs for more details., Details: Site started at 09/24/2026 20:53:56 (UTC), DetailsLevel: INFO
2026-09-24T21:04:14.2073435Z Container is terminating. Grace period: 5 seconds.
2026-09-24T21:04:14.2464914Z Stop and delete container. Retry count = 0
2026-09-24T21:04:14.2470175Z Stopping container: 69be3230bec4_tailorsync-api-prod.
2026-09-24T21:04:20.0966037Z Deleting container: 69be3230bec4_tailorsync-api-prod. Retry count = 0
2026-09-24T21:04:27.2962910Z Container spec TerminationMessagePolicy  path 
2026-09-24T21:04:27.2964522Z Container is terminated. Total time elapsed: 13089 ms.
2026-09-24T21:04:29.2621055Z Site: tailorsync-api-prod stopped.
2026-09-24T21:03:45.9011827Z State: Stopping, Action: UnmountingVolumes, LastError: ContainerStartupFailure, LastErrorTimestamp: 09/24/2026 21:03:44, LastErrorDetails: Container exited with exit code 127 during startup after 52.9s. Please inspect your container logs for more details., Details: Site container: tailorsync-api-prod terminated during site startup. Cancelling site startup., DetailsLevel: ERR
2026-09-24T21:03:48.0545380Z State: Stopping, Action: StoppingSiteNetworks, LastError: ContainerStartupFailure, LastErrorTimestamp: 09/24/2026 21:03:44, LastErrorDetails: Container exited with exit code 127 during startup after 52.9s. Please inspect your container logs for more details., Details: Site container: tailorsync-api-prod terminated during site startup. Cancelling site startup., DetailsLevel: ERR
2026-09-24T21:03:50.3687227Z State: Stopped, Action: None, LastError: ContainerStartupFailure, LastErrorTimestamp: 09/24/2026 21:03:44, LastErrorDetails: Container exited with exit code 127 during startup after 52.9s. Please inspect your container logs for more details., Details: Site stopped at 09/24/2026 21:03:50 (UTC), DetailsLevel: ERR
2026-09-24T21:03:53.5297473Z State: Stopped, Action: None, LastError: ContainerStartupFailure, LastErrorTimestamp: 09/24/2026 21:03:44, LastErrorDetails: Container exited with exit code 127 during startup after 52.9s. Please inspect your container logs for more details., Details: Site stopped at 09/24/2026 21:03:50 (UTC), DetailsLevel: ERR
2026-09-24T21:08:05.9595813Z State: Starting, Action: EstablishingSiteNetworks, LastError: ContainerStartupFailure, LastErrorTimestamp: 09/24/2026 21:03:44, LastErrorDetails: Container exited with exit code 127 during startup after 52.9s. Please inspect your container logs for more details., Details: Site stopped at 09/24/2026 21:03:50 (UTC), DetailsLevel: ERR
2026-09-24T21:08:09.7990786Z State: Starting, Action: StartingMsiContainer, LastError: ContainerStartupFailure, LastErrorTimestamp: 09/24/2026 21:03:44, LastErrorDetails: Container exited with exit code 127 during startup after 52.9s. Please inspect your container logs for more details., Details: Site stopped at 09/24/2026 21:03:50 (UTC), DetailsLevel: ERR
2026-09-24T21:08:29.8399592Z State: Starting, Action: StartingSiteContainers, LastError: ContainerStartupFailure, LastErrorTimestamp: 09/24/2026 21:03:44, LastErrorDetails: Container exited with exit code 127 during startup after 52.9s. Please inspect your container logs for more details., Details: Site stopped at 09/24/2026 21:03:50 (UTC), DetailsLevel: ERR
2026-09-24T21:08:29.8473439Z Container start method called.
2026-09-24T21:08:29.8485659Z State: Starting, Action: PullingImage, LastError: ContainerStartupFailure, LastErrorTimestamp: 09/24/2026 21:03:44, LastErrorDetails: Container exited with exit code 127 during startup after 52.9s. Please inspect your container logs for more details., Details: Pulling image 10.1.0.5:13209/appsvc/python:3.11_20260910.3.tuxprod for tailorsync-api-prod., DetailsLevel: INFO
2026-09-24T21:08:29.8495013Z Establishing network.
2026-09-24T21:08:29.8661884Z Pulling image: appsvc/python:3.11_20260910.3.tuxprod.
2026-09-24T21:08:30.4033296Z Container is starting.
2026-09-24T21:08:30.4034064Z State: Starting, Action: MountingVolumes, LastError: ContainerStartupFailure, LastErrorTimestamp: 09/24/2026 21:03:44, LastErrorDetails: Container exited with exit code 127 during startup after 52.9s. Please inspect your container logs for more details., Details: Mounting volumes for tailorsync-api-prod., DetailsLevel: INFO
2026-09-24T21:08:30.4034722Z Establishing user namespace if not established already.
2026-09-24T21:08:30.4035293Z Establishing network if not established already.
2026-09-24T21:08:30.4035930Z Mounting volumes.
2026-09-24T21:08:30.4036852Z Nested mountpoint 
2026-09-24T21:08:30.4323220Z Nested mountpoint volatile/logs
2026-09-24T21:08:30.4922572Z Nested mountpoint 
2026-09-24T21:08:30.5711476Z Nested mountpoint 
2026-09-24T21:08:30.5831353Z Nested mountpoint 
2026-09-24T21:08:30.7412130Z Nested mountpoint 
2026-09-24T21:08:31.8968507Z State: Starting, Action: CreatingContainer, LastError: ContainerStartupFailure, LastErrorTimestamp: 09/24/2026 21:03:44, LastErrorDetails: Container exited with exit code 127 during startup after 52.9s. Please inspect your container logs for more details., Details: Finished pulling container image and mounting volumes for tailorsync-api-prod. Allocatinng the rest of the container resources to finish container creation., DetailsLevel: INFO
2026-09-24T21:08:31.8982720Z Creating container.
2026-09-24T21:08:31.9059778Z Creating pipes for streaming container io.
2026-09-24T21:08:31.9061916Z Creating stdout named pipe at /podr/container/pipe/863051557930_tailorsync-api-prod/stdout_b0f1e50586d64e2fb4f9dc54a6322831.
2026-09-24T21:08:31.9066319Z Successfully created stdout named pipe at: /podr/container/pipe/863051557930_tailorsync-api-prod/stdout_b0f1e50586d64e2fb4f9dc54a6322831.
2026-09-24T21:08:31.9068637Z Opening named pipe /podr/container/pipe/863051557930_tailorsync-api-prod/stdout_b0f1e50586d64e2fb4f9dc54a6322831 for reading in non-blocking mode.
2026-09-24T21:08:31.9070747Z Successfully opened named pipe: /podr/container/pipe/863051557930_tailorsync-api-prod/stdout_b0f1e50586d64e2fb4f9dc54a6322831.
2026-09-24T21:08:31.9071465Z Successfully removed non-blocking flag from /podr/container/pipe/863051557930_tailorsync-api-prod/stdout_b0f1e50586d64e2fb4f9dc54a6322831.
2026-09-24T21:08:31.9072656Z Creating stderr named pipe at /podr/container/pipe/863051557930_tailorsync-api-prod/stderr_6177bc2fc32d47ce91439462a8d58732.
2026-09-24T21:08:31.9073704Z Successfully created stderr named pipe at: /podr/container/pipe/863051557930_tailorsync-api-prod/stderr_6177bc2fc32d47ce91439462a8d58732.
2026-09-24T21:08:31.9074164Z Opening named pipe /podr/container/pipe/863051557930_tailorsync-api-prod/stderr_6177bc2fc32d47ce91439462a8d58732 for reading in non-blocking mode.
2026-09-24T21:08:31.9074958Z Successfully opened named pipe: /podr/container/pipe/863051557930_tailorsync-api-prod/stderr_6177bc2fc32d47ce91439462a8d58732.
2026-09-24T21:08:31.9075472Z Successfully removed non-blocking flag from /podr/container/pipe/863051557930_tailorsync-api-prod/stderr_6177bc2fc32d47ce91439462a8d58732.
2026-09-24T21:08:31.9084217Z Creating container with image: appsvc/python:3.11_20260910.3.tuxprod from registry: 10.1.0.5:13209 and fully qualified image name: 10.1.0.5:13209/appsvc/python:3.11_20260910.3.tuxprod
2026-09-24T21:08:33.0471348Z Starting container: 863051557930_tailorsync-api-prod.
2026-09-24T21:08:33.1650428Z Starting watchers and probes.
2026-09-24T21:08:33.2055225Z Starting metrics collection.
2026-09-24T21:08:33.2131422Z Container is running.
2026-09-24T21:08:33.2132656Z State: Starting, Action: CreatingContainer, LastError: ContainerStartupFailure, LastErrorTimestamp: 09/24/2026 21:03:44, LastErrorDetails: Container exited with exit code 127 during startup after 52.9s. Please inspect your container logs for more details., Details: Container tailorsync-api-prod successfully created and is running., DetailsLevel: INFO
2026-09-24T21:08:33.4732578Z Container start method finished after 3625 ms.
2026-09-24T21:08:33.4734018Z State: Starting, Action: InitiatingSiteWarmUpProbe, LastError: ContainerStartupFailure, LastErrorTimestamp: 09/24/2026 21:03:44, LastErrorDetails: Container exited with exit code 127 during startup after 52.9s. Please inspect your container logs for more details., Details: Container tailorsync-api-prod successfully created and is running., DetailsLevel: INFO
2026-09-24T21:08:33.4734539Z State: Starting, Action: WaitingForSiteWarmUpProbeSuccess, LastError: ContainerStartupFailure, LastErrorTimestamp: 09/24/2026 21:03:44, LastErrorDetails: Container exited with exit code 127 during startup after 52.9s. Please inspect your container logs for more details., Details: Pinging warmup path to ensure container is ready to receive requests., DetailsLevel: INFO
2026-09-24T21:09:36.6837890Z Site startup probe succeeded after 63.0656699 seconds.
2026-09-24T21:09:36.9286714Z State: Starting, Action: WarmUpProbeSucceeded, LastError: ContainerStartupFailure, LastErrorTimestamp: 09/24/2026 21:03:44, LastErrorDetails: Container exited with exit code 127 during startup after 52.9s. Please inspect your container logs for more details., Details: Site startup probe succeeded after 63.0656699 seconds., DetailsLevel: INFO
2026-09-24T21:09:37.7234883Z Site is running with deployment version: e02d405b-6cdb-462e-9d6d-b869c11e9ea4
2026-09-24T21:09:37.7267158Z Site started.
2026-09-24T21:09:37.7319136Z State: Started, Action: None, LastError: ContainerStartupFailure, LastErrorTimestamp: 09/24/2026 21:03:44, LastErrorDetails: Container exited with exit code 127 during startup after 52.9s. Please inspect your container logs for more details., Details: Site started at 09/24/2026 21:09:37 (UTC), DetailsLevel: INFO
2026-09-24T21:09:37.8122435Z Site is running with patch version PYTHON-3.11.15
2026-09-24T22:18:31.1814445Z State: Starting, Action: EstablishingSiteNetworks, LastError: , LastErrorTimestamp: 01/01/0001 00:00:00, LastErrorDetails: , Details: , DetailsLevel: INFO
2026-09-24T22:18:35.4707736Z State: Starting, Action: StartingMsiContainer, LastError: , LastErrorTimestamp: 01/01/0001 00:00:00, LastErrorDetails: , Details: , DetailsLevel: INFO
2026-09-24T22:18:51.7292987Z State: Starting, Action: StartingSiteContainers, LastError: , LastErrorTimestamp: 01/01/0001 00:00:00, LastErrorDetails: , Details: , DetailsLevel: INFO
2026-09-24T22:18:51.7308726Z Container start method called.
2026-09-24T22:18:51.7387032Z State: Starting, Action: PullingImage, LastError: , LastErrorTimestamp: 01/01/0001 00:00:00, LastErrorDetails: , Details: Pulling image 10.1.0.4:13209/appsvc/python:3.11_20260910.3.tuxprod for tailorsync-api-prod., DetailsLevel: INFO
2026-09-24T22:18:51.7402931Z Establishing network.
2026-09-24T22:18:51.7404770Z Pulling image: appsvc/python:3.11_20260910.3.tuxprod.
2026-09-24T22:18:52.4013742Z Container is starting.
2026-09-24T22:18:52.4014469Z State: Starting, Action: MountingVolumes, LastError: , LastErrorTimestamp: 01/01/0001 00:00:00, LastErrorDetails: , Details: Mounting volumes for tailorsync-api-prod., DetailsLevel: INFO
2026-09-24T22:18:52.4015010Z Establishing user namespace if not established already.
2026-09-24T22:18:52.4015607Z Establishing network if not established already.
2026-09-24T22:18:52.4016231Z Mounting volumes.
2026-09-24T22:18:52.4017104Z Nested mountpoint 
2026-09-24T22:18:52.4786493Z Nested mountpoint volatile/logs
2026-09-24T22:18:52.5187748Z Nested mountpoint 
2026-09-24T22:18:52.7864566Z Nested mountpoint 
2026-09-24T22:18:52.8072022Z Nested mountpoint 
2026-09-24T22:18:52.9681982Z Nested mountpoint 
2026-09-24T22:18:53.9786574Z State: Starting, Action: CreatingContainer, LastError: , LastErrorTimestamp: 01/01/0001 00:00:00, LastErrorDetails: , Details: Finished pulling container image and mounting volumes for tailorsync-api-prod. Allocatinng the rest of the container resources to finish container creation., DetailsLevel: INFO
2026-09-24T22:18:53.9798141Z Creating container.
2026-09-24T22:18:54.0076022Z Creating pipes for streaming container io.
2026-09-24T22:18:54.0077289Z Creating stdout named pipe at /podr/container/pipe/dc0fc1c2e66d_tailorsync-api-prod/stdout_f80e2b0989014258afb6ba4fa1c6c4c4.
2026-09-24T22:18:54.0081581Z Successfully created stdout named pipe at: /podr/container/pipe/dc0fc1c2e66d_tailorsync-api-prod/stdout_f80e2b0989014258afb6ba4fa1c6c4c4.
2026-09-24T22:18:54.0166983Z Opening named pipe /podr/container/pipe/dc0fc1c2e66d_tailorsync-api-prod/stdout_f80e2b0989014258afb6ba4fa1c6c4c4 for reading in non-blocking mode.
2026-09-24T22:18:54.0169165Z Successfully opened named pipe: /podr/container/pipe/dc0fc1c2e66d_tailorsync-api-prod/stdout_f80e2b0989014258afb6ba4fa1c6c4c4.
2026-09-24T22:18:54.0171085Z Successfully removed non-blocking flag from /podr/container/pipe/dc0fc1c2e66d_tailorsync-api-prod/stdout_f80e2b0989014258afb6ba4fa1c6c4c4.
2026-09-24T22:18:54.0193760Z Creating stderr named pipe at /podr/container/pipe/dc0fc1c2e66d_tailorsync-api-prod/stderr_967235053bb14718b7bac55cd8c78d3f.
2026-09-24T22:18:54.0195264Z Successfully created stderr named pipe at: /podr/container/pipe/dc0fc1c2e66d_tailorsync-api-prod/stderr_967235053bb14718b7bac55cd8c78d3f.
2026-09-24T22:18:54.0196140Z Opening named pipe /podr/container/pipe/dc0fc1c2e66d_tailorsync-api-prod/stderr_967235053bb14718b7bac55cd8c78d3f for reading in non-blocking mode.
2026-09-24T22:18:54.0197137Z Successfully opened named pipe: /podr/container/pipe/dc0fc1c2e66d_tailorsync-api-prod/stderr_967235053bb14718b7bac55cd8c78d3f.
2026-09-24T22:18:54.0203760Z Successfully removed non-blocking flag from /podr/container/pipe/dc0fc1c2e66d_tailorsync-api-prod/stderr_967235053bb14718b7bac55cd8c78d3f.
2026-09-24T22:18:54.0761799Z Creating container with image: appsvc/python:3.11_20260910.3.tuxprod from registry: 10.1.0.4:13209 and fully qualified image name: 10.1.0.4:13209/appsvc/python:3.11_20260910.3.tuxprod
2026-09-24T22:18:55.4716230Z Starting container: dc0fc1c2e66d_tailorsync-api-prod.
2026-09-24T22:18:55.5447188Z Starting watchers and probes.
2026-09-24T22:18:55.5471566Z Starting metrics collection.
2026-09-24T22:18:55.5477958Z Container is running.
2026-09-24T22:18:55.5478778Z State: Starting, Action: CreatingContainer, LastError: , LastErrorTimestamp: 01/01/0001 00:00:00, LastErrorDetails: , Details: Container tailorsync-api-prod successfully created and is running., DetailsLevel: INFO
2026-09-24T22:18:55.7752200Z Container start method finished after 4044 ms.
2026-09-24T22:18:55.7753966Z State: Starting, Action: InitiatingSiteWarmUpProbe, LastError: , LastErrorTimestamp: 01/01/0001 00:00:00, LastErrorDetails: , Details: Container tailorsync-api-prod successfully created and is running., DetailsLevel: INFO
2026-09-24T22:18:55.7816509Z State: Starting, Action: WaitingForSiteWarmUpProbeSuccess, LastError: , LastErrorTimestamp: 01/01/0001 00:00:00, LastErrorDetails: , Details: Pinging warmup path to ensure container is ready to receive requests., DetailsLevel: INFO
2026-09-24T22:19:54.0362311Z Site startup probe succeeded after 58.0633892 seconds.
2026-09-24T22:19:54.3283430Z State: Starting, Action: WarmUpProbeSucceeded, LastError: , LastErrorTimestamp: 01/01/0001 00:00:00, LastErrorDetails: , Details: Site startup probe succeeded after 58.0633892 seconds., DetailsLevel: INFO
2026-09-24T22:19:55.2013917Z Site is running with deployment version: 276cff8c-3b43-4675-a859-7f04c1eddc7e
2026-09-24T22:19:55.2044392Z Site started.
2026-09-24T22:19:55.2046365Z State: Started, Action: None, LastError: , LastErrorTimestamp: 01/01/0001 00:00:00, LastErrorDetails: , Details: Site started at 09/24/2026 22:19:55 (UTC), DetailsLevel: INFO
2026-09-24T22:19:55.2071114Z Site is running with patch version PYTHON-3.11.15
2026-09-24T22:20:16.4932053Z State: Stopping, Action: StoppingSite, LastError: ContainerStartupFailure, LastErrorTimestamp: 09/24/2026 21:03:44, LastErrorDetails: Container exited with exit code 127 during startup after 52.9s. Please inspect your container logs for more details., Details: Site started at 09/24/2026 21:09:37 (UTC), DetailsLevel: INFO
2026-09-24T22:20:16.5089709Z State: Stopping, Action: StoppingSiteContainers, LastError: ContainerStartupFailure, LastErrorTimestamp: 09/24/2026 21:03:44, LastErrorDetails: Container exited with exit code 127 during startup after 52.9s. Please inspect your container logs for more details., Details: Site started at 09/24/2026 21:09:37 (UTC), DetailsLevel: INFO
2026-09-24T22:20:16.5115535Z Container is terminating. Grace period: 5 seconds.
2026-09-24T22:20:16.5724898Z Stop and delete container. Retry count = 0
2026-09-24T22:20:16.5791389Z Stopping container: 863051557930_tailorsync-api-prod.
2026-09-24T22:20:22.3854294Z Deleting container: 863051557930_tailorsync-api-prod. Retry count = 0
2026-09-24T22:20:24.8383915Z Container spec TerminationMessagePolicy  path 
2026-09-24T22:20:24.8414415Z Container is terminated. Total time elapsed: 8321 ms.
2026-09-24T22:20:27.2412044Z Site: tailorsync-api-prod stopped.
